-- phpMyAdmin SQL Dump
-- version 5.1.1
-- https://www.phpmyadmin.net/
--
-- Host: localhost
-- Generation Time: Nov 01, 2025 at 08:57 AM
-- Server version: 5.7.36
-- PHP Version: 8.1.1

SET SQL_MODE = "NO_AUTO_VALUE_ON_ZERO";
START TRANSACTION;
SET time_zone = "+00:00";


/*!40101 SET @OLD_CHARACTER_SET_CLIENT=@@CHARACTER_SET_CLIENT */;
/*!40101 SET @OLD_CHARACTER_SET_RESULTS=@@CHARACTER_SET_RESULTS */;
/*!40101 SET @OLD_COLLATION_CONNECTION=@@COLLATION_CONNECTION */;
/*!40101 SET NAMES utf8mb4 */;

--
-- Database: `massagenow_news`
--

-- --------------------------------------------------------

--
-- Table structure for table `auth_logins`
--

CREATE TABLE `auth_logins` (
  `id` bigint(20) UNSIGNED NOT NULL,
  `email` varchar(190) COLLATE utf8mb4_unicode_ci DEFAULT NULL,
  `ip` varchar(45) COLLATE utf8mb4_unicode_ci DEFAULT NULL,
  `status` enum('ok','fail') COLLATE utf8mb4_unicode_ci NOT NULL,
  `user_id` bigint(20) UNSIGNED DEFAULT NULL,
  `created_at` timestamp NULL DEFAULT CURRENT_TIMESTAMP
) ENGINE=InnoDB DEFAULT CHARSET=utf8mb4 COLLATE=utf8mb4_unicode_ci;

--
-- Dumping data for table `auth_logins`
--

INSERT INTO `auth_logins` (`id`, `email`, `ip`, `status`, `user_id`, `created_at`) VALUES
(0, 'admin@massagenow.vn', '42.116.76.144', 'ok', 1, '2025-10-12 04:21:13'),
(1, 'admin@massagenow.vn', '125.234.231.201', 'ok', 1, '2025-10-06 06:42:30'),
(2, 'admin@massagenow.vn', '118.68.21.134', 'ok', 1, '2025-10-06 09:14:22'),
(3, 'admin@massagenow.vn', '118.68.21.134', 'ok', 1, '2025-10-06 09:15:03'),
(4, 'admin@massagenow.vn', '118.68.21.134', 'ok', 1, '2025-10-06 10:49:40'),
(5, 'admin@massagenow.vn', '118.68.21.134', 'ok', 1, '2025-10-06 10:53:03'),
(6, 'admin@massagenow.vn', '118.68.21.134', 'ok', 1, '2025-10-06 10:55:57'),
(7, 'admin@massagenow.vn', '118.68.21.134', 'ok', 1, '2025-10-06 11:08:04'),
(8, 'admin@massagenow.vn', '117.2.165.95', 'ok', 1, '2025-10-07 01:08:53');

-- --------------------------------------------------------

--
-- Table structure for table `bookings`
--

CREATE TABLE `bookings` (
  `id` bigint(20) UNSIGNED NOT NULL,
  `city_id` bigint(20) UNSIGNED NOT NULL,
  `lang_code` varchar(10) COLLATE utf8mb4_unicode_ci NOT NULL,
  `customer_name` varchar(190) COLLATE utf8mb4_unicode_ci DEFAULT '',
  `email` varchar(190) COLLATE utf8mb4_unicode_ci NOT NULL,
  `phone` varchar(50) COLLATE utf8mb4_unicode_ci DEFAULT '',
  `note` mediumtext COLLATE utf8mb4_unicode_ci,
  `status` enum('new','confirmed','in_progress','done','canceled') COLLATE utf8mb4_unicode_ci NOT NULL DEFAULT 'new',
  `created_at` timestamp NULL DEFAULT CURRENT_TIMESTAMP,
  `updated_at` timestamp NULL DEFAULT CURRENT_TIMESTAMP ON UPDATE CURRENT_TIMESTAMP
) ENGINE=InnoDB DEFAULT CHARSET=utf8mb4 COLLATE=utf8mb4_unicode_ci;

--
-- Dumping data for table `bookings`
--

INSERT INTO `bookings` (`id`, `city_id`, `lang_code`, `customer_name`, `email`, `phone`, `note`, `status`, `created_at`, `updated_at`) VALUES
(1, 1, 'vi', 'Test', 'user@example.com', '0900000000', 'Địa chỉ & thời gian', 'new', '2025-10-23 02:12:11', '2025-10-23 02:12:11'),
(2, 23, 'vi', 'Quân', 'tranlong.dollar@gmail.com', '+84976458528', 'klasdkaljhdkladhasjkld asdhaskjdhasjk cdjkahkjasd', 'new', '2025-10-23 02:12:39', '2025-10-23 02:12:39'),
(3, 130, 'vi', 'Huy hoang', 'khoaken1807@gmail.com', '0829933456', '70 Doãn Uẩn, Châu Phú A, Châu Đốc', 'new', '2025-10-23 14:22:13', '2025-10-23 14:22:13'),
(4, 130, 'vi', 'Huy hoang', 'khoaken1807@gmail.com', '0829933456', '70 Doãn Uẩn, Châu Phú A, Châu Đốc', 'new', '2025-10-23 14:22:18', '2025-10-23 14:22:18'),
(5, 130, 'vi', 'Huy hoang', 'khoaken1807@gmail.com', '0829933456', '70 Doãn Uẩn, Châu Phú A, Châu Đốc', 'new', '2025-10-23 14:22:25', '2025-10-23 14:39:34'),
(6, 144, 'vi', 'Quân', 'quan.vn@camranh.aero', '+84976458528', 'test mail', 'new', '2025-10-23 15:47:44', '2025-10-23 15:47:44'),
(7, 115, 'vi', 'Min', 'quangtruong@gmail.com', '0907426379', 'Kiến tường', 'new', '2025-10-24 14:05:00', '2025-10-24 14:05:00'),
(8, 115, 'vi', 'Min', 'quangtruong@gmail.com', '0907426379', 'Kiến tường', 'new', '2025-10-24 14:05:41', '2025-10-24 14:05:41'),
(9, 115, 'vi', 'Min', 'quangtruong@gmail.com', '0907426379', 'Kiến tường', 'new', '2025-10-24 14:05:44', '2025-10-24 14:05:44'),
(10, 115, 'vi', 'Min', 'quangtruong@gmail.com', '0907426379', 'Kiến tường', 'new', '2025-10-24 14:05:46', '2025-10-24 14:05:46'),
(11, 2, 'vi', 'Nguyễn văn Quân', 'quan@quan.com', '0988878776', '41 đống đa, phường đống đa, nha trang\r\n16:30 hôm nay', 'new', '2025-10-25 09:00:42', '2025-10-25 09:00:42'),
(12, 40, 'vi', 'Nguyen Huy Duc', 'da_dang_se@gmail.com', '0389280980', 'Ks Mường Thanh, Lai Châu', 'new', '2025-10-25 19:21:56', '2025-10-25 19:21:56'),
(13, 93, 'vi', 'Viet', 'khoavtv@gmail.com', '0987152538', 'TT. Kiến Đức\r\nH. Đắk R\'Lấp\r\nĐắk Nông\r\nViệt Nam', 'new', '2025-10-28 02:38:10', '2025-10-28 02:38:10'),
(14, 92, 'vi', 'Công', 'ddy6002@gmail.com', '0878829559', 'sở giáo dục và đào tạo tỉnh Đăk Nông', 'new', '2025-10-28 06:37:18', '2025-10-28 06:37:18'),
(15, 115, 'vi', 'Quang', 'quangtruong@gmail.com', '0907426379', 'Kiếng tường', 'new', '2025-10-28 12:49:22', '2025-10-28 12:49:22'),
(16, 129, 'vi', 'Huy Hoàng', 'khoaken1807@gmail.com', '0829933456', '22h30 Doãn Uẩn, Châu Phú A, Châu Đốc', 'new', '2025-10-29 07:34:28', '2025-10-29 07:34:28'),
(17, 128, 'vi', 'Huy Hoàng', 'khoaken1807@gmail.com', '0829933456', '22h30', 'new', '2025-10-29 07:35:08', '2025-10-29 07:35:08'),
(18, 81, 'vi', 'Huy', 'huyld@gmail.com.vn', '0799107994', 'Khách sạn Hà Yên, 22 Nguyên Hồng, Phan Thiết', 'new', '2025-10-29 10:03:41', '2025-10-29 10:03:41'),
(19, 123, 'vi', 'Dat Nguyen', 'binbo12345@gmail.com', '+0928009597', '15h30 phương 3 thành phố Vinh long ,tình Vĩnh long', 'new', '2025-10-30 05:34:26', '2025-10-30 05:34:26'),
(20, 112, 'vi', 'Vuminhson', 'songia1981bp@gmail.com', '0978345670', 'Lò quay heo gần cầu suối nhung Phước Long', 'new', '2025-10-30 22:58:25', '2025-10-30 22:58:25'),
(21, 50, 'vi', 'Nguyễn văn', 'vancuong909192@gmail.com', '+84363746228', 'Khach san hoàng ngân', 'new', '2025-10-31 05:14:00', '2025-10-31 05:14:00'),
(22, 50, 'vi', 'Nguyễn văn', 'vancuong909192@gmail.com', '+84363746228', 'Khach san hoàng ngân', 'new', '2025-10-31 05:14:42', '2025-10-31 05:14:42'),
(23, 50, 'vi', 'Nguyễn văn', 'vancuong909192@gmail.com', '+84363746228', 'Khach san hoàng ngân', 'new', '2025-10-31 05:14:45', '2025-10-31 05:14:45'),
(24, 118, 'vi', 'Nguyễn Trung Kiên', 'nguyentrungkien2910az@gmail.com', '0783567063', 'Khách sạn Hồng Thành ,70 Thủ Khoa Huân, Phường 5, Gò Công, Tiền Giang', 'new', '2025-10-31 15:52:56', '2025-10-31 15:52:56'),
(25, 118, 'vi', 'Nguyễn Trung Kiên', 'nguyentrungkien2910az@gmail.com', '0783567063', 'Khách sạn Hồng Thành ,70 Thủ Khoa Huân, Phường 5, Gò Công, Tiền Giang', 'new', '2025-10-31 15:53:18', '2025-10-31 15:53:18');

-- --------------------------------------------------------

--
-- Table structure for table `cities`
--

CREATE TABLE `cities` (
  `id` bigint(20) UNSIGNED NOT NULL,
  `name` varchar(120) COLLATE utf8mb4_unicode_ci NOT NULL,
  `slug` varchar(140) COLLATE utf8mb4_unicode_ci NOT NULL,
  `status` enum('draft','published') COLLATE utf8mb4_unicode_ci NOT NULL DEFAULT 'draft',
  `created_at` timestamp NULL DEFAULT CURRENT_TIMESTAMP,
  `updated_at` timestamp NULL DEFAULT CURRENT_TIMESTAMP ON UPDATE CURRENT_TIMESTAMP
) ENGINE=InnoDB DEFAULT CHARSET=utf8mb4 COLLATE=utf8mb4_unicode_ci;

--
-- Dumping data for table `cities`
--

INSERT INTO `cities` (`id`, `name`, `slug`, `status`, `created_at`, `updated_at`) VALUES
(1, 'Hà Nội', 'ha-noi', 'published', '2025-10-06 06:15:52', '2025-10-06 06:15:52'),
(2, 'Nha Trang', 'nha-trang', 'published', '2025-10-06 06:57:08', '2025-10-06 06:57:12'),
(3, 'Đà Lạt', 'da-lat', 'published', '2025-10-06 10:56:33', '2025-10-06 10:56:33'),
(4, 'Sơn Tây', 'son-tay', 'published', '2025-10-06 12:23:44', '2025-10-06 12:23:44'),
(5, 'Hải Phòng', 'hai-phong', 'published', '2025-10-06 12:23:44', '2025-10-06 12:23:44'),
(6, 'Đồ Sơn', 'do-son', 'published', '2025-10-06 12:23:44', '2025-10-06 12:23:44'),
(7, 'Quảng Ninh', 'quang-ninh', 'published', '2025-10-06 12:23:44', '2025-10-06 12:23:44'),
(8, 'Hạ Long', 'ha-long', 'published', '2025-10-06 12:23:44', '2025-10-06 12:23:44'),
(9, 'Cẩm Phả', 'cam-pha', 'published', '2025-10-06 12:23:44', '2025-10-06 12:23:44'),
(10, 'Hải Dương', 'hai-duong', 'published', '2025-10-06 12:23:44', '2025-10-06 12:23:44'),
(11, 'Chí Linh', 'chi-linh', 'published', '2025-10-06 12:23:44', '2025-10-06 12:23:44'),
(12, 'Hưng Yên', 'hung-yen', 'published', '2025-10-06 12:23:44', '2025-10-06 12:23:44'),
(13, 'Mỹ Hào', 'my-hao', 'published', '2025-10-06 12:23:44', '2025-10-06 12:23:44'),
(14, 'Bắc Ninh', 'bac-ninh', 'published', '2025-10-06 12:23:44', '2025-10-06 12:23:44'),
(15, 'Từ Sơn', 'tu-son', 'published', '2025-10-06 12:23:44', '2025-10-06 12:23:44'),
(16, 'Thái Nguyên', 'thai-nguyen', 'published', '2025-10-06 12:23:44', '2025-10-06 12:23:44'),
(17, 'Sông Công', 'song-cong', 'published', '2025-10-06 12:23:44', '2025-10-06 12:23:44'),
(18, 'Phú Thọ', 'phu-tho', 'published', '2025-10-06 12:23:44', '2025-10-06 12:23:44'),
(19, 'Việt Trì', 'viet-tri', 'published', '2025-10-06 12:23:44', '2025-10-06 12:23:44'),
(20, 'Vĩnh Phúc', 'vinh-phuc', 'published', '2025-10-06 12:23:44', '2025-10-06 12:23:44'),
(21, 'Vĩnh Yên', 'vinh-yen', 'published', '2025-10-06 12:23:44', '2025-10-06 12:23:44'),
(22, 'Phúc Yên', 'phuc-yen', 'published', '2025-10-06 12:23:44', '2025-10-06 12:23:44'),
(23, 'Bắc Giang', 'bac-giang', 'published', '2025-10-06 12:23:44', '2025-10-06 12:23:44'),
(24, 'Hiệp Hòa', 'hiep-hoa', 'published', '2025-10-06 12:23:44', '2025-10-06 12:23:44'),
(25, 'Lạng Sơn', 'lang-son', 'published', '2025-10-06 12:23:44', '2025-10-06 12:23:44'),
(26, 'Đồng Đăng', 'dong-dang', 'published', '2025-10-06 12:23:44', '2025-10-06 12:23:44'),
(27, 'Cao Bằng', 'cao-bang', 'published', '2025-10-06 12:23:44', '2025-10-06 12:23:44'),
(28, 'Tà Lùng', 'ta-lung', 'published', '2025-10-06 12:23:44', '2025-10-06 12:23:44'),
(29, 'Hà Giang', 'ha-giang', 'published', '2025-10-06 12:23:44', '2025-10-06 12:23:44'),
(30, 'Đồng Văn', 'dong-van', 'published', '2025-10-06 12:23:44', '2025-10-06 12:23:44'),
(31, 'Tuyên Quang', 'tuyen-quang', 'published', '2025-10-06 12:23:44', '2025-10-06 12:23:44'),
(32, 'Na Hang', 'na-hang', 'published', '2025-10-06 12:23:44', '2025-10-06 12:23:44'),
(33, 'Yên Bái', 'yen-bai', 'published', '2025-10-06 12:23:44', '2025-10-06 12:23:44'),
(34, 'Nghĩa Lộ', 'nghia-lo', 'published', '2025-10-06 12:23:44', '2025-10-06 12:23:44'),
(35, 'Lào Cai', 'lao-cai', 'published', '2025-10-06 12:23:44', '2025-10-06 12:23:44'),
(36, 'Sa Pa', 'sa-pa', 'published', '2025-10-06 12:23:44', '2025-10-06 12:23:44'),
(37, 'Điện Biên', 'dien-bien', 'published', '2025-10-06 12:23:44', '2025-10-06 12:23:44'),
(38, 'Điện Biên Phủ', 'dien-bien-phu', 'published', '2025-10-06 12:23:44', '2025-10-06 12:23:44'),
(39, 'Mường Lay', 'muong-lay', 'published', '2025-10-06 12:23:44', '2025-10-06 12:23:44'),
(40, 'Lai Châu', 'lai-chau', 'published', '2025-10-06 12:23:44', '2025-10-06 12:23:44'),
(41, 'Phong Thổ', 'phong-tho', 'published', '2025-10-06 12:23:44', '2025-10-06 12:23:44'),
(42, 'Sơn La', 'son-la', 'published', '2025-10-06 12:23:44', '2025-10-06 12:23:44'),
(43, 'Mộc Châu', 'moc-chau', 'published', '2025-10-06 12:23:44', '2025-10-06 12:23:44'),
(44, 'Hòa Bình', 'hoa-binh', 'published', '2025-10-06 12:23:44', '2025-10-06 12:23:44'),
(45, 'Lương Sơn', 'luong-son', 'published', '2025-10-06 12:23:44', '2025-10-06 12:23:44'),
(46, 'Bắc Kạn', 'bac-kan', 'published', '2025-10-06 12:23:44', '2025-10-06 12:23:44'),
(47, 'Chợ Mới', 'cho-moi', 'published', '2025-10-06 12:23:44', '2025-10-06 12:23:44'),
(48, 'Thanh Hóa', 'thanh-hoa', 'published', '2025-10-06 12:23:44', '2025-10-06 12:23:44'),
(49, 'Sầm Sơn', 'sam-son', 'published', '2025-10-06 12:23:44', '2025-10-06 12:23:44'),
(50, 'Nghệ An', 'nghe-an', 'published', '2025-10-06 12:23:44', '2025-10-06 12:23:44'),
(51, 'Vinh', 'vinh', 'published', '2025-10-06 12:23:44', '2025-10-06 12:23:44'),
(52, 'Thái Hòa', 'thai-hoa', 'published', '2025-10-06 12:23:44', '2025-10-06 12:23:44'),
(53, 'Hà Tĩnh', 'ha-tinh', 'published', '2025-10-06 12:23:44', '2025-10-06 12:23:44'),
(54, 'Hồng Lĩnh', 'hong-linh', 'published', '2025-10-06 12:23:44', '2025-10-06 12:23:44'),
(55, 'Quảng Bình', 'quang-binh', 'published', '2025-10-06 12:23:44', '2025-10-06 12:23:44'),
(56, 'Đồng Hới', 'dong-hoi', 'published', '2025-10-06 12:23:44', '2025-10-06 12:23:44'),
(57, 'Ba Đồn', 'ba-don', 'published', '2025-10-06 12:23:44', '2025-10-06 12:23:44'),
(58, 'Quảng Trị', 'quang-tri', 'published', '2025-10-06 12:23:44', '2025-10-06 12:23:44'),
(59, 'Đông Hà', 'dong-ha', 'published', '2025-10-06 12:23:44', '2025-10-06 12:23:44'),
(60, 'Thừa Thiên Huế', 'thua-thien-hue', 'published', '2025-10-06 12:23:44', '2025-10-06 12:23:44'),
(61, 'Huế', 'hue', 'published', '2025-10-06 12:23:44', '2025-10-06 12:23:44'),
(62, 'Hương Thủy', 'huong-thuy', 'published', '2025-10-06 12:23:44', '2025-10-06 12:23:44'),
(63, 'Đà Nẵng', 'da-nang', 'published', '2025-10-06 12:23:44', '2025-10-06 12:23:44'),
(64, 'Quảng Nam', 'quang-nam', 'published', '2025-10-06 12:23:44', '2025-10-06 12:23:44'),
(65, 'Tam Kỳ', 'tam-ky', 'published', '2025-10-06 12:23:44', '2025-10-06 12:23:44'),
(66, 'Hội An', 'hoi-an', 'published', '2025-10-06 12:23:44', '2025-10-06 12:23:44'),
(67, 'Quảng Ngãi', 'quang-ngai', 'published', '2025-10-06 12:23:44', '2025-10-06 12:23:44'),
(68, 'Đức Phổ', 'duc-pho', 'published', '2025-10-06 12:23:44', '2025-10-06 12:23:44'),
(69, 'Bình Định', 'binh-dinh', 'published', '2025-10-06 12:23:44', '2025-10-06 12:23:44'),
(70, 'Quy Nhơn', 'quy-nhon', 'published', '2025-10-06 12:23:44', '2025-10-06 12:23:44'),
(71, 'An Nhơn', 'an-nhon', 'published', '2025-10-06 12:23:44', '2025-10-06 12:23:44'),
(72, 'Phú Yên', 'phu-yen', 'published', '2025-10-06 12:23:44', '2025-10-06 12:23:44'),
(73, 'Tuy Hòa', 'tuy-hoa', 'published', '2025-10-06 12:23:44', '2025-10-06 12:23:44'),
(74, 'Sông Cầu', 'song-cau', 'published', '2025-10-06 12:23:44', '2025-10-06 12:23:44'),
(75, 'Khánh Hòa', 'khanh-hoa', 'published', '2025-10-06 12:23:44', '2025-10-06 12:23:44'),
(76, 'Cam Ranh', 'cam-ranh', 'published', '2025-10-06 12:23:44', '2025-10-06 12:23:44'),
(77, 'Ninh Thuận', 'ninh-thuan', 'published', '2025-10-06 12:23:44', '2025-10-06 12:23:44'),
(78, 'Phan Rang–Tháp Chàm', 'phan-rang-thap-cham', 'published', '2025-10-06 12:23:44', '2025-10-06 12:23:44'),
(79, 'Ninh Sơn', 'ninh-son', 'published', '2025-10-06 12:23:44', '2025-10-06 12:23:44'),
(80, 'Bình Thuận', 'binh-thuan', 'published', '2025-10-06 12:23:44', '2025-10-06 12:23:44'),
(81, 'Phan Thiết', 'phan-thiet', 'published', '2025-10-06 12:23:44', '2025-10-06 12:23:44'),
(82, 'La Gi', 'la-gi', 'published', '2025-10-06 12:23:44', '2025-10-06 12:23:44'),
(83, 'Kon Tum', 'kon-tum', 'published', '2025-10-06 12:23:44', '2025-10-06 12:23:44'),
(84, 'Ngọc Hồi', 'ngoc-hoi', 'published', '2025-10-06 12:23:44', '2025-10-06 12:23:44'),
(85, 'Gia Lai', 'gia-lai', 'published', '2025-10-06 12:23:44', '2025-10-06 12:23:44'),
(86, 'Pleiku', 'pleiku', 'published', '2025-10-06 12:23:44', '2025-10-06 12:23:44'),
(87, 'An Khê', 'an-khe', 'published', '2025-10-06 12:23:44', '2025-10-06 12:23:44'),
(88, 'Đắk Lắk', 'dak-lak', 'published', '2025-10-06 12:23:44', '2025-10-06 12:23:44'),
(89, 'Buôn Ma Thuột', 'buon-ma-thuot', 'published', '2025-10-06 12:23:44', '2025-10-06 12:23:44'),
(90, 'Buôn Hồ', 'buon-ho', 'published', '2025-10-06 12:23:44', '2025-10-06 12:23:44'),
(91, 'Đắk Nông', 'dak-nong', 'published', '2025-10-06 12:23:44', '2025-10-06 12:23:44'),
(92, 'Gia Nghĩa', 'gia-nghia', 'published', '2025-10-06 12:23:44', '2025-10-06 12:23:44'),
(93, 'Kiến Đức', 'kien-duc', 'published', '2025-10-06 12:23:44', '2025-10-06 12:23:44'),
(94, 'Lâm Đồng', 'lam-dong', 'published', '2025-10-06 12:23:44', '2025-10-06 12:23:44'),
(95, 'Bảo Lộc', 'bao-loc', 'published', '2025-10-06 12:23:44', '2025-10-06 12:23:44'),
(96, 'TP. Hồ Chí Minh', 'tp-ho-chi-minh', 'published', '2025-10-06 12:23:44', '2025-10-06 12:23:44'),
(97, 'TP. HCM', 'tp-hcm', 'published', '2025-10-06 12:23:44', '2025-10-06 12:23:44'),
(98, 'Thủ Đức', 'thu-duc', 'published', '2025-10-06 12:23:44', '2025-10-06 12:23:44'),
(99, 'Bình Dương', 'binh-duong', 'published', '2025-10-06 12:23:44', '2025-10-06 12:23:44'),
(100, 'Thủ Dầu Một', 'thu-dau-mot', 'published', '2025-10-06 12:23:44', '2025-10-06 12:23:44'),
(101, 'Dĩ An', 'di-an', 'published', '2025-10-06 12:23:44', '2025-10-06 12:23:44'),
(102, 'Đồng Nai', 'dong-nai', 'published', '2025-10-06 12:23:44', '2025-10-06 12:23:44'),
(103, 'Biên Hòa', 'bien-hoa', 'published', '2025-10-06 12:23:44', '2025-10-06 12:23:44'),
(104, 'Long Khánh', 'long-khanh', 'published', '2025-10-06 12:23:44', '2025-10-06 12:23:44'),
(105, 'Bà Rịa – Vũng Tàu', 'ba-ria-vung-tau', 'published', '2025-10-06 12:23:44', '2025-10-06 12:23:44'),
(106, 'Vũng Tàu', 'vung-tau', 'published', '2025-10-06 12:23:44', '2025-10-06 12:23:44'),
(107, 'Bà Rịa', 'ba-ria', 'published', '2025-10-06 12:23:44', '2025-10-06 12:23:44'),
(108, 'Tây Ninh', 'tay-ninh', 'published', '2025-10-06 12:23:44', '2025-10-06 12:23:44'),
(109, 'Hòa Thành', 'hoa-thanh', 'published', '2025-10-06 12:23:44', '2025-10-06 12:23:44'),
(110, 'Bình Phước', 'binh-phuoc', 'published', '2025-10-06 12:23:44', '2025-10-06 12:23:44'),
(111, 'Đồng Xoài', 'dong-xoai', 'published', '2025-10-06 12:23:44', '2025-10-06 12:23:44'),
(112, 'Phước Long', 'phuoc-long', 'published', '2025-10-06 12:23:44', '2025-10-06 12:23:44'),
(113, 'Long An', 'long-an', 'published', '2025-10-06 12:23:44', '2025-10-06 12:23:44'),
(114, 'Tân An', 'tan-an', 'published', '2025-10-06 12:23:44', '2025-10-06 12:23:44'),
(115, 'Kiến Tường', 'kien-tuong', 'published', '2025-10-06 12:23:44', '2025-10-06 12:23:44'),
(116, 'Tiền Giang', 'tien-giang', 'published', '2025-10-06 12:23:44', '2025-10-06 12:23:44'),
(117, 'Mỹ Tho', 'my-tho', 'published', '2025-10-06 12:23:44', '2025-10-06 12:23:44'),
(118, 'Gò Công', 'go-cong', 'published', '2025-10-06 12:23:44', '2025-10-06 12:23:44'),
(119, 'Bến Tre', 'ben-tre', 'published', '2025-10-06 12:23:44', '2025-10-06 12:23:44'),
(120, 'Ba Tri', 'ba-tri', 'published', '2025-10-06 12:23:44', '2025-10-06 12:23:44'),
(121, 'Trà Vinh', 'tra-vinh', 'published', '2025-10-06 12:23:44', '2025-10-06 12:23:44'),
(122, 'Duyên Hải', 'duyen-hai', 'published', '2025-10-06 12:23:44', '2025-10-06 12:23:44'),
(123, 'Vĩnh Long', 'vinh-long', 'published', '2025-10-06 12:23:44', '2025-10-06 12:23:44'),
(124, 'Bình Minh', 'binh-minh', 'published', '2025-10-06 12:23:44', '2025-10-06 12:23:44'),
(125, 'Đồng Tháp', 'dong-thap', 'published', '2025-10-06 12:23:44', '2025-10-06 12:23:44'),
(126, 'Cao Lãnh', 'cao-lanh', 'published', '2025-10-06 12:23:44', '2025-10-06 12:23:44'),
(127, 'Sa Đéc', 'sa-dec', 'published', '2025-10-06 12:23:44', '2025-10-06 12:23:44'),
(128, 'An Giang', 'an-giang', 'published', '2025-10-06 12:23:44', '2025-10-06 12:23:44'),
(129, 'Long Xuyên', 'long-xuyen', 'published', '2025-10-06 12:23:44', '2025-10-06 12:23:44'),
(130, 'Châu Đốc', 'chau-doc', 'published', '2025-10-06 12:23:44', '2025-10-06 12:23:44'),
(131, 'Kiên Giang', 'kien-giang', 'published', '2025-10-06 12:23:44', '2025-10-06 12:23:44'),
(132, 'Rạch Giá', 'rach-gia', 'published', '2025-10-06 12:23:44', '2025-10-06 12:23:44'),
(133, 'Hà Tiên', 'ha-tien', 'published', '2025-10-06 12:23:44', '2025-10-06 12:23:44'),
(134, 'Hậu Giang', 'hau-giang', 'published', '2025-10-06 12:23:44', '2025-10-06 12:23:44'),
(135, 'Vị Thanh', 'vi-thanh', 'published', '2025-10-06 12:23:44', '2025-10-06 12:23:44'),
(136, 'Ngã Bảy', 'nga-bay', 'published', '2025-10-06 12:23:44', '2025-10-06 12:23:44'),
(137, 'Sóc Trăng', 'soc-trang', 'published', '2025-10-06 12:23:44', '2025-10-06 12:23:44'),
(138, 'Vĩnh Châu', 'vinh-chau', 'published', '2025-10-06 12:23:44', '2025-10-06 12:23:44'),
(139, 'Bạc Liêu', 'bac-lieu', 'published', '2025-10-06 12:23:44', '2025-10-06 12:23:44'),
(140, 'Giá Rai', 'gia-rai', 'published', '2025-10-06 12:23:44', '2025-10-06 12:23:44'),
(141, 'Cà Mau', 'ca-mau', 'published', '2025-10-06 12:23:44', '2025-10-06 12:23:44'),
(142, 'Sông Đốc', 'song-doc', 'published', '2025-10-06 12:23:44', '2025-10-06 12:23:44'),
(143, 'Cần Thơ', 'can-tho', 'published', '2025-10-06 12:23:44', '2025-10-06 12:23:44'),
(144, 'Bình Thủy', 'binh-thuy', 'published', '2025-10-06 12:23:44', '2025-10-06 12:23:44');

-- --------------------------------------------------------

--
-- Table structure for table `city_i18n`
--

CREATE TABLE `city_i18n` (
  `id` bigint(20) UNSIGNED NOT NULL,
  `city_id` bigint(20) UNSIGNED NOT NULL,
  `lang_code` varchar(10) COLLATE utf8mb4_unicode_ci NOT NULL,
  `name` varchar(190) COLLATE utf8mb4_unicode_ci NOT NULL,
  `created_at` timestamp NULL DEFAULT CURRENT_TIMESTAMP,
  `updated_at` timestamp NULL DEFAULT CURRENT_TIMESTAMP ON UPDATE CURRENT_TIMESTAMP
) ENGINE=InnoDB DEFAULT CHARSET=utf8mb4 COLLATE=utf8mb4_unicode_ci;

--
-- Dumping data for table `city_i18n`
--

INSERT INTO `city_i18n` (`id`, `city_id`, `lang_code`, `name`, `created_at`, `updated_at`) VALUES
(1, 1, 'vi', 'Hà Nội', '2025-10-15 07:34:31', '2025-10-15 07:34:31'),
(2, 2, 'vi', 'Nha Trang', '2025-10-15 07:34:31', '2025-10-15 07:34:31'),
(3, 3, 'vi', 'Đà Lạt', '2025-10-15 07:34:31', '2025-10-15 07:34:31'),
(4, 4, 'vi', 'Sơn Tây', '2025-10-15 07:34:31', '2025-10-15 07:34:31'),
(5, 5, 'vi', 'Hải Phòng', '2025-10-15 07:34:31', '2025-10-15 07:34:31'),
(6, 6, 'vi', 'Đồ Sơn', '2025-10-15 07:34:31', '2025-10-15 07:34:31'),
(7, 7, 'vi', 'Quảng Ninh', '2025-10-15 07:34:31', '2025-10-15 07:34:31'),
(8, 8, 'vi', 'Hạ Long', '2025-10-15 07:34:31', '2025-10-15 07:34:31'),
(9, 9, 'vi', 'Cẩm Phả', '2025-10-15 07:34:31', '2025-10-15 07:34:31'),
(10, 10, 'vi', 'Hải Dương', '2025-10-15 07:34:31', '2025-10-15 07:34:31'),
(11, 11, 'vi', 'Chí Linh', '2025-10-15 07:34:31', '2025-10-15 07:34:31'),
(12, 12, 'vi', 'Hưng Yên', '2025-10-15 07:34:31', '2025-10-15 07:34:31'),
(13, 13, 'vi', 'Mỹ Hào', '2025-10-15 07:34:31', '2025-10-15 07:34:31'),
(14, 14, 'vi', 'Bắc Ninh', '2025-10-15 07:34:31', '2025-10-15 07:34:31'),
(15, 15, 'vi', 'Từ Sơn', '2025-10-15 07:34:31', '2025-10-15 07:34:31'),
(16, 16, 'vi', 'Thái Nguyên', '2025-10-15 07:34:31', '2025-10-15 07:34:31'),
(17, 17, 'vi', 'Sông Công', '2025-10-15 07:34:31', '2025-10-15 07:34:31'),
(18, 18, 'vi', 'Phú Thọ', '2025-10-15 07:34:31', '2025-10-15 07:34:31'),
(19, 19, 'vi', 'Việt Trì', '2025-10-15 07:34:31', '2025-10-15 07:34:31'),
(20, 20, 'vi', 'Vĩnh Phúc', '2025-10-15 07:34:31', '2025-10-15 07:34:31'),
(21, 21, 'vi', 'Vĩnh Yên', '2025-10-15 07:34:31', '2025-10-15 07:34:31'),
(22, 22, 'vi', 'Phúc Yên', '2025-10-15 07:34:31', '2025-10-15 07:34:31'),
(23, 23, 'vi', 'Bắc Giang', '2025-10-15 07:34:31', '2025-10-15 07:34:31'),
(24, 24, 'vi', 'Hiệp Hòa', '2025-10-15 07:34:31', '2025-10-15 07:34:31'),
(25, 25, 'vi', 'Lạng Sơn', '2025-10-15 07:34:31', '2025-10-15 07:34:31'),
(26, 26, 'vi', 'Đồng Đăng', '2025-10-15 07:34:31', '2025-10-15 07:34:31'),
(27, 27, 'vi', 'Cao Bằng', '2025-10-15 07:34:31', '2025-10-15 07:34:31'),
(28, 28, 'vi', 'Tà Lùng', '2025-10-15 07:34:31', '2025-10-15 07:34:31'),
(29, 29, 'vi', 'Hà Giang', '2025-10-15 07:34:31', '2025-10-15 07:34:31'),
(30, 30, 'vi', 'Đồng Văn', '2025-10-15 07:34:31', '2025-10-15 07:34:31'),
(31, 31, 'vi', 'Tuyên Quang', '2025-10-15 07:34:31', '2025-10-15 07:34:31'),
(32, 32, 'vi', 'Na Hang', '2025-10-15 07:34:31', '2025-10-15 07:34:31'),
(33, 33, 'vi', 'Yên Bái', '2025-10-15 07:34:31', '2025-10-15 07:34:31'),
(34, 34, 'vi', 'Nghĩa Lộ', '2025-10-15 07:34:31', '2025-10-15 07:34:31'),
(35, 35, 'vi', 'Lào Cai', '2025-10-15 07:34:31', '2025-10-15 07:34:31'),
(36, 36, 'vi', 'Sa Pa', '2025-10-15 07:34:31', '2025-10-15 07:34:31'),
(37, 37, 'vi', 'Điện Biên', '2025-10-15 07:34:31', '2025-10-15 07:34:31'),
(38, 38, 'vi', 'Điện Biên Phủ', '2025-10-15 07:34:31', '2025-10-15 07:34:31'),
(39, 39, 'vi', 'Mường Lay', '2025-10-15 07:34:31', '2025-10-15 07:34:31'),
(40, 40, 'vi', 'Lai Châu', '2025-10-15 07:34:31', '2025-10-15 07:34:31'),
(41, 41, 'vi', 'Phong Thổ', '2025-10-15 07:34:31', '2025-10-15 07:34:31'),
(42, 42, 'vi', 'Sơn La', '2025-10-15 07:34:31', '2025-10-15 07:34:31'),
(43, 43, 'vi', 'Mộc Châu', '2025-10-15 07:34:31', '2025-10-15 07:34:31'),
(44, 44, 'vi', 'Hòa Bình', '2025-10-15 07:34:31', '2025-10-15 07:34:31'),
(45, 45, 'vi', 'Lương Sơn', '2025-10-15 07:34:31', '2025-10-15 07:34:31'),
(46, 46, 'vi', 'Bắc Kạn', '2025-10-15 07:34:31', '2025-10-15 07:34:31'),
(47, 47, 'vi', 'Chợ Mới', '2025-10-15 07:34:31', '2025-10-15 07:34:31'),
(48, 48, 'vi', 'Thanh Hóa', '2025-10-15 07:34:31', '2025-10-15 07:34:31'),
(49, 49, 'vi', 'Sầm Sơn', '2025-10-15 07:34:31', '2025-10-15 07:34:31'),
(50, 50, 'vi', 'Nghệ An', '2025-10-15 07:34:31', '2025-10-15 07:34:31'),
(51, 51, 'vi', 'Vinh', '2025-10-15 07:34:31', '2025-10-15 07:34:31'),
(52, 52, 'vi', 'Thái Hòa', '2025-10-15 07:34:31', '2025-10-15 07:34:31'),
(53, 53, 'vi', 'Hà Tĩnh', '2025-10-15 07:34:31', '2025-10-15 07:34:31'),
(54, 54, 'vi', 'Hồng Lĩnh', '2025-10-15 07:34:31', '2025-10-15 07:34:31'),
(55, 55, 'vi', 'Quảng Bình', '2025-10-15 07:34:31', '2025-10-15 07:34:31'),
(56, 56, 'vi', 'Đồng Hới', '2025-10-15 07:34:31', '2025-10-15 07:34:31'),
(57, 57, 'vi', 'Ba Đồn', '2025-10-15 07:34:31', '2025-10-15 07:34:31'),
(58, 58, 'vi', 'Quảng Trị', '2025-10-15 07:34:31', '2025-10-15 07:34:31'),
(59, 59, 'vi', 'Đông Hà', '2025-10-15 07:34:31', '2025-10-15 07:34:31'),
(60, 60, 'vi', 'Thừa Thiên Huế', '2025-10-15 07:34:31', '2025-10-15 07:34:31'),
(61, 61, 'vi', 'Huế', '2025-10-15 07:34:31', '2025-10-15 07:34:31'),
(62, 62, 'vi', 'Hương Thủy', '2025-10-15 07:34:31', '2025-10-15 07:34:31'),
(63, 63, 'vi', 'Đà Nẵng', '2025-10-15 07:34:31', '2025-10-15 07:34:31'),
(64, 64, 'vi', 'Quảng Nam', '2025-10-15 07:34:31', '2025-10-15 07:34:31'),
(65, 65, 'vi', 'Tam Kỳ', '2025-10-15 07:34:31', '2025-10-15 07:34:31'),
(66, 66, 'vi', 'Hội An', '2025-10-15 07:34:31', '2025-10-15 07:34:31'),
(67, 67, 'vi', 'Quảng Ngãi', '2025-10-15 07:34:31', '2025-10-15 07:34:31'),
(68, 68, 'vi', 'Đức Phổ', '2025-10-15 07:34:31', '2025-10-15 07:34:31'),
(69, 69, 'vi', 'Bình Định', '2025-10-15 07:34:31', '2025-10-15 07:34:31'),
(70, 70, 'vi', 'Quy Nhơn', '2025-10-15 07:34:31', '2025-10-15 07:34:31'),
(71, 71, 'vi', 'An Nhơn', '2025-10-15 07:34:31', '2025-10-15 07:34:31'),
(72, 72, 'vi', 'Phú Yên', '2025-10-15 07:34:31', '2025-10-15 07:34:31'),
(73, 73, 'vi', 'Tuy Hòa', '2025-10-15 07:34:31', '2025-10-15 07:34:31'),
(74, 74, 'vi', 'Sông Cầu', '2025-10-15 07:34:31', '2025-10-15 07:34:31'),
(75, 75, 'vi', 'Khánh Hòa', '2025-10-15 07:34:31', '2025-10-15 07:34:31'),
(76, 76, 'vi', 'Cam Ranh', '2025-10-15 07:34:31', '2025-10-15 07:34:31'),
(77, 77, 'vi', 'Ninh Thuận', '2025-10-15 07:34:31', '2025-10-15 07:34:31'),
(78, 78, 'vi', 'Phan Rang–Tháp Chàm', '2025-10-15 07:34:31', '2025-10-15 07:34:31'),
(79, 79, 'vi', 'Ninh Sơn', '2025-10-15 07:34:31', '2025-10-15 07:34:31'),
(80, 80, 'vi', 'Bình Thuận', '2025-10-15 07:34:31', '2025-10-15 07:34:31'),
(81, 81, 'vi', 'Phan Thiết', '2025-10-15 07:34:31', '2025-10-15 07:34:31'),
(82, 82, 'vi', 'La Gi', '2025-10-15 07:34:31', '2025-10-15 07:34:31'),
(83, 83, 'vi', 'Kon Tum', '2025-10-15 07:34:31', '2025-10-15 07:34:31'),
(84, 84, 'vi', 'Ngọc Hồi', '2025-10-15 07:34:31', '2025-10-15 07:34:31'),
(85, 85, 'vi', 'Gia Lai', '2025-10-15 07:34:31', '2025-10-15 07:34:31'),
(86, 86, 'vi', 'Pleiku', '2025-10-15 07:34:31', '2025-10-15 07:34:31'),
(87, 87, 'vi', 'An Khê', '2025-10-15 07:34:31', '2025-10-15 07:34:31'),
(88, 88, 'vi', 'Đắk Lắk', '2025-10-15 07:34:31', '2025-10-15 07:34:31'),
(89, 89, 'vi', 'Buôn Ma Thuột', '2025-10-15 07:34:31', '2025-10-15 07:34:31'),
(90, 90, 'vi', 'Buôn Hồ', '2025-10-15 07:34:31', '2025-10-15 07:34:31'),
(91, 91, 'vi', 'Đắk Nông', '2025-10-15 07:34:31', '2025-10-15 07:34:31'),
(92, 92, 'vi', 'Gia Nghĩa', '2025-10-15 07:34:31', '2025-10-15 07:34:31'),
(93, 93, 'vi', 'Kiến Đức', '2025-10-15 07:34:31', '2025-10-15 07:34:31'),
(94, 94, 'vi', 'Lâm Đồng', '2025-10-15 07:34:31', '2025-10-15 07:34:31'),
(95, 95, 'vi', 'Bảo Lộc', '2025-10-15 07:34:31', '2025-10-15 07:34:31'),
(96, 96, 'vi', 'TP. Hồ Chí Minh', '2025-10-15 07:34:31', '2025-10-15 07:34:31'),
(97, 97, 'vi', 'TP. HCM', '2025-10-15 07:34:31', '2025-10-15 07:34:31'),
(98, 98, 'vi', 'Thủ Đức', '2025-10-15 07:34:31', '2025-10-15 07:34:31'),
(99, 99, 'vi', 'Bình Dương', '2025-10-15 07:34:31', '2025-10-15 07:34:31'),
(100, 100, 'vi', 'Thủ Dầu Một', '2025-10-15 07:34:31', '2025-10-15 07:34:31'),
(101, 101, 'vi', 'Dĩ An', '2025-10-15 07:34:31', '2025-10-15 07:34:31'),
(102, 102, 'vi', 'Đồng Nai', '2025-10-15 07:34:31', '2025-10-15 07:34:31'),
(103, 103, 'vi', 'Biên Hòa', '2025-10-15 07:34:31', '2025-10-15 07:34:31'),
(104, 104, 'vi', 'Long Khánh', '2025-10-15 07:34:31', '2025-10-15 07:34:31'),
(105, 105, 'vi', 'Bà Rịa – Vũng Tàu', '2025-10-15 07:34:31', '2025-10-15 07:34:31'),
(106, 106, 'vi', 'Vũng Tàu', '2025-10-15 07:34:31', '2025-10-15 07:34:31'),
(107, 107, 'vi', 'Bà Rịa', '2025-10-15 07:34:31', '2025-10-15 07:34:31'),
(108, 108, 'vi', 'Tây Ninh', '2025-10-15 07:34:31', '2025-10-15 07:34:31'),
(109, 109, 'vi', 'Hòa Thành', '2025-10-15 07:34:31', '2025-10-15 07:34:31'),
(110, 110, 'vi', 'Bình Phước', '2025-10-15 07:34:31', '2025-10-15 07:34:31'),
(111, 111, 'vi', 'Đồng Xoài', '2025-10-15 07:34:31', '2025-10-15 07:34:31'),
(112, 112, 'vi', 'Phước Long', '2025-10-15 07:34:31', '2025-10-15 07:34:31'),
(113, 113, 'vi', 'Long An', '2025-10-15 07:34:31', '2025-10-15 07:34:31'),
(114, 114, 'vi', 'Tân An', '2025-10-15 07:34:31', '2025-10-15 07:34:31'),
(115, 115, 'vi', 'Kiến Tường', '2025-10-15 07:34:31', '2025-10-15 07:34:31'),
(116, 116, 'vi', 'Tiền Giang', '2025-10-15 07:34:31', '2025-10-15 07:34:31'),
(117, 117, 'vi', 'Mỹ Tho', '2025-10-15 07:34:31', '2025-10-15 07:34:31'),
(118, 118, 'vi', 'Gò Công', '2025-10-15 07:34:31', '2025-10-15 07:34:31'),
(119, 119, 'vi', 'Bến Tre', '2025-10-15 07:34:31', '2025-10-15 07:34:31'),
(120, 120, 'vi', 'Ba Tri', '2025-10-15 07:34:31', '2025-10-15 07:34:31'),
(121, 121, 'vi', 'Trà Vinh', '2025-10-15 07:34:31', '2025-10-15 07:34:31'),
(122, 122, 'vi', 'Duyên Hải', '2025-10-15 07:34:31', '2025-10-15 07:34:31'),
(123, 123, 'vi', 'Vĩnh Long', '2025-10-15 07:34:31', '2025-10-15 07:34:31'),
(124, 124, 'vi', 'Bình Minh', '2025-10-15 07:34:31', '2025-10-15 07:34:31'),
(125, 125, 'vi', 'Đồng Tháp', '2025-10-15 07:34:31', '2025-10-15 07:34:31'),
(126, 126, 'vi', 'Cao Lãnh', '2025-10-15 07:34:31', '2025-10-15 07:34:31'),
(127, 127, 'vi', 'Sa Đéc', '2025-10-15 07:34:31', '2025-10-15 07:34:31'),
(128, 128, 'vi', 'An Giang', '2025-10-15 07:34:31', '2025-10-15 07:34:31'),
(129, 129, 'vi', 'Long Xuyên', '2025-10-15 07:34:31', '2025-10-15 07:34:31'),
(130, 130, 'vi', 'Châu Đốc', '2025-10-15 07:34:31', '2025-10-15 07:34:31'),
(131, 131, 'vi', 'Kiên Giang', '2025-10-15 07:34:31', '2025-10-15 07:34:31'),
(132, 132, 'vi', 'Rạch Giá', '2025-10-15 07:34:31', '2025-10-15 07:34:31'),
(133, 133, 'vi', 'Hà Tiên', '2025-10-15 07:34:31', '2025-10-15 07:34:31'),
(134, 134, 'vi', 'Hậu Giang', '2025-10-15 07:34:31', '2025-10-15 07:34:31'),
(135, 135, 'vi', 'Vị Thanh', '2025-10-15 07:34:31', '2025-10-15 07:34:31'),
(136, 136, 'vi', 'Ngã Bảy', '2025-10-15 07:34:31', '2025-10-15 07:34:31'),
(137, 137, 'vi', 'Sóc Trăng', '2025-10-15 07:34:31', '2025-10-15 07:34:31'),
(138, 138, 'vi', 'Vĩnh Châu', '2025-10-15 07:34:31', '2025-10-15 07:34:31'),
(139, 139, 'vi', 'Bạc Liêu', '2025-10-15 07:34:31', '2025-10-15 07:34:31'),
(140, 140, 'vi', 'Giá Rai', '2025-10-15 07:34:31', '2025-10-15 07:34:31'),
(141, 141, 'vi', 'Cà Mau', '2025-10-15 07:34:31', '2025-10-15 07:34:31'),
(142, 142, 'vi', 'Sông Đốc', '2025-10-15 07:34:31', '2025-10-15 07:34:31'),
(143, 143, 'vi', 'Cần Thơ', '2025-10-15 07:34:31', '2025-10-15 07:34:31'),
(144, 144, 'vi', 'Bình Thủy', '2025-10-15 07:34:31', '2025-10-15 07:34:31'),
(256, 1, 'en', 'Hanoi', '2025-10-15 07:39:16', '2025-10-15 08:12:47'),
(257, 2, 'en', 'Nha Trang', '2025-10-15 07:39:16', '2025-10-15 07:39:16'),
(258, 3, 'en', 'Da Lat', '2025-10-15 07:39:16', '2025-10-15 08:12:47'),
(259, 4, 'en', 'Sơn Tây', '2025-10-15 07:39:16', '2025-10-15 07:39:16'),
(260, 5, 'en', 'Hai Phong', '2025-10-15 07:39:16', '2025-10-15 08:12:47'),
(261, 6, 'en', 'Đồ Sơn', '2025-10-15 07:39:16', '2025-10-15 07:39:16'),
(262, 7, 'en', 'Quảng Ninh', '2025-10-15 07:39:16', '2025-10-15 07:39:16'),
(263, 8, 'en', 'Ha Long', '2025-10-15 07:39:16', '2025-10-15 08:12:47'),
(264, 9, 'en', 'Cẩm Phả', '2025-10-15 07:39:16', '2025-10-15 07:39:16'),
(265, 10, 'en', 'Hải Dương', '2025-10-15 07:39:16', '2025-10-15 07:39:16'),
(266, 11, 'en', 'Chí Linh', '2025-10-15 07:39:16', '2025-10-15 07:39:16'),
(267, 12, 'en', 'Hưng Yên', '2025-10-15 07:39:16', '2025-10-15 07:39:16'),
(268, 13, 'en', 'Mỹ Hào', '2025-10-15 07:39:16', '2025-10-15 07:39:16'),
(269, 14, 'en', 'Bắc Ninh', '2025-10-15 07:39:16', '2025-10-15 07:39:16'),
(270, 15, 'en', 'Từ Sơn', '2025-10-15 07:39:16', '2025-10-15 07:39:16'),
(271, 16, 'en', 'Thái Nguyên', '2025-10-15 07:39:16', '2025-10-15 07:39:16'),
(272, 17, 'en', 'Sông Công', '2025-10-15 07:39:16', '2025-10-15 07:39:16'),
(273, 18, 'en', 'Phú Thọ', '2025-10-15 07:39:16', '2025-10-15 07:39:16'),
(274, 19, 'en', 'Việt Trì', '2025-10-15 07:39:16', '2025-10-15 07:39:16'),
(275, 20, 'en', 'Vĩnh Phúc', '2025-10-15 07:39:16', '2025-10-15 07:39:16'),
(276, 21, 'en', 'Vĩnh Yên', '2025-10-15 07:39:16', '2025-10-15 07:39:16'),
(277, 22, 'en', 'Phúc Yên', '2025-10-15 07:39:16', '2025-10-15 07:39:16'),
(278, 23, 'en', 'Bắc Giang', '2025-10-15 07:39:16', '2025-10-15 07:39:16'),
(279, 24, 'en', 'Hiệp Hòa', '2025-10-15 07:39:16', '2025-10-15 07:39:16'),
(280, 25, 'en', 'Lạng Sơn', '2025-10-15 07:39:16', '2025-10-15 07:39:16'),
(281, 26, 'en', 'Đồng Đăng', '2025-10-15 07:39:16', '2025-10-15 07:39:16'),
(282, 27, 'en', 'Cao Bằng', '2025-10-15 07:39:16', '2025-10-15 07:39:16'),
(283, 28, 'en', 'Tà Lùng', '2025-10-15 07:39:16', '2025-10-15 07:39:16'),
(284, 29, 'en', 'Hà Giang', '2025-10-15 07:39:16', '2025-10-15 07:39:16'),
(285, 30, 'en', 'Đồng Văn', '2025-10-15 07:39:16', '2025-10-15 07:39:16'),
(286, 31, 'en', 'Tuyên Quang', '2025-10-15 07:39:16', '2025-10-15 07:39:16'),
(287, 32, 'en', 'Na Hang', '2025-10-15 07:39:16', '2025-10-15 07:39:16'),
(288, 33, 'en', 'Yên Bái', '2025-10-15 07:39:16', '2025-10-15 07:39:16'),
(289, 34, 'en', 'Nghĩa Lộ', '2025-10-15 07:39:16', '2025-10-15 07:39:16'),
(290, 35, 'en', 'Lào Cai', '2025-10-15 07:39:16', '2025-10-15 07:39:16'),
(291, 36, 'en', 'Sa Pa', '2025-10-15 07:39:16', '2025-10-15 07:39:16'),
(292, 37, 'en', 'Điện Biên', '2025-10-15 07:39:16', '2025-10-15 07:39:16'),
(293, 38, 'en', 'Điện Biên Phủ', '2025-10-15 07:39:16', '2025-10-15 07:39:16'),
(294, 39, 'en', 'Mường Lay', '2025-10-15 07:39:16', '2025-10-15 07:39:16'),
(295, 40, 'en', 'Lai Châu', '2025-10-15 07:39:16', '2025-10-15 07:39:16'),
(296, 41, 'en', 'Phong Thổ', '2025-10-15 07:39:16', '2025-10-15 07:39:16'),
(297, 42, 'en', 'Sơn La', '2025-10-15 07:39:16', '2025-10-15 07:39:16'),
(298, 43, 'en', 'Mộc Châu', '2025-10-15 07:39:16', '2025-10-15 07:39:16'),
(299, 44, 'en', 'Hòa Bình', '2025-10-15 07:39:16', '2025-10-15 07:39:16'),
(300, 45, 'en', 'Lương Sơn', '2025-10-15 07:39:16', '2025-10-15 07:39:16'),
(301, 46, 'en', 'Bắc Kạn', '2025-10-15 07:39:16', '2025-10-15 07:39:16'),
(302, 47, 'en', 'Chợ Mới', '2025-10-15 07:39:16', '2025-10-15 07:39:16'),
(303, 48, 'en', 'Thanh Hóa', '2025-10-15 07:39:16', '2025-10-15 07:39:16'),
(304, 49, 'en', 'Sầm Sơn', '2025-10-15 07:39:16', '2025-10-15 07:39:16'),
(305, 50, 'en', 'Nghệ An', '2025-10-15 07:39:16', '2025-10-15 07:39:16'),
(306, 51, 'en', 'Vinh', '2025-10-15 07:39:16', '2025-10-15 07:39:16'),
(307, 52, 'en', 'Thái Hòa', '2025-10-15 07:39:16', '2025-10-15 07:39:16'),
(308, 53, 'en', 'Hà Tĩnh', '2025-10-15 07:39:16', '2025-10-15 07:39:16'),
(309, 54, 'en', 'Hồng Lĩnh', '2025-10-15 07:39:16', '2025-10-15 07:39:16'),
(310, 55, 'en', 'Quảng Bình', '2025-10-15 07:39:16', '2025-10-15 07:39:16'),
(311, 56, 'en', 'Đồng Hới', '2025-10-15 07:39:16', '2025-10-15 07:39:16'),
(312, 57, 'en', 'Ba Đồn', '2025-10-15 07:39:16', '2025-10-15 07:39:16'),
(313, 58, 'en', 'Quảng Trị', '2025-10-15 07:39:16', '2025-10-15 07:39:16'),
(314, 59, 'en', 'Đông Hà', '2025-10-15 07:39:16', '2025-10-15 07:39:16'),
(315, 60, 'en', 'Thừa Thiên Huế', '2025-10-15 07:39:16', '2025-10-15 07:39:16'),
(316, 61, 'en', 'Hue', '2025-10-15 07:39:16', '2025-10-15 08:12:47'),
(317, 62, 'en', 'Hương Thủy', '2025-10-15 07:39:16', '2025-10-15 07:39:16'),
(318, 63, 'en', 'Da Nang', '2025-10-15 07:39:16', '2025-10-15 08:12:47'),
(319, 64, 'en', 'Quảng Nam', '2025-10-15 07:39:16', '2025-10-15 07:39:16'),
(320, 65, 'en', 'Tam Ky', '2025-10-15 07:39:16', '2025-10-15 08:12:47'),
(321, 66, 'en', 'Hoi An', '2025-10-15 07:39:16', '2025-10-15 08:12:47'),
(322, 67, 'en', 'Quảng Ngãi', '2025-10-15 07:39:16', '2025-10-15 07:39:16'),
(323, 68, 'en', 'Đức Phổ', '2025-10-15 07:39:16', '2025-10-15 07:39:16'),
(324, 69, 'en', 'Bình Định', '2025-10-15 07:39:16', '2025-10-15 07:39:16'),
(325, 70, 'en', 'Quy Nhon', '2025-10-15 07:39:16', '2025-10-15 08:12:47'),
(326, 71, 'en', 'An Nhơn', '2025-10-15 07:39:16', '2025-10-15 07:39:16'),
(327, 72, 'en', 'Phú Yên', '2025-10-15 07:39:16', '2025-10-15 07:39:16'),
(328, 73, 'en', 'Tuy Hòa', '2025-10-15 07:39:16', '2025-10-15 07:39:16'),
(329, 74, 'en', 'Sông Cầu', '2025-10-15 07:39:16', '2025-10-15 07:39:16'),
(330, 75, 'en', 'Khánh Hòa', '2025-10-15 07:39:16', '2025-10-15 07:39:16'),
(331, 76, 'en', 'Cam Ranh', '2025-10-15 07:39:16', '2025-10-15 07:39:16'),
(332, 77, 'en', 'Ninh Thuận', '2025-10-15 07:39:16', '2025-10-15 07:39:16'),
(333, 78, 'en', 'Phan Rang–Thap Cham', '2025-10-15 07:39:16', '2025-10-15 08:12:47'),
(334, 79, 'en', 'Ninh Sơn', '2025-10-15 07:39:16', '2025-10-15 07:39:16'),
(335, 80, 'en', 'Bình Thuận', '2025-10-15 07:39:16', '2025-10-15 07:39:16'),
(336, 81, 'en', 'Phan Thiet', '2025-10-15 07:39:16', '2025-10-15 08:12:47'),
(337, 82, 'en', 'La Gi', '2025-10-15 07:39:16', '2025-10-15 07:39:16'),
(338, 83, 'en', 'Kon Tum', '2025-10-15 07:39:16', '2025-10-15 07:39:16'),
(339, 84, 'en', 'Ngọc Hồi', '2025-10-15 07:39:16', '2025-10-15 07:39:16'),
(340, 85, 'en', 'Gia Lai', '2025-10-15 07:39:16', '2025-10-15 07:39:16'),
(341, 86, 'en', 'Pleiku', '2025-10-15 07:39:16', '2025-10-15 07:39:16'),
(342, 87, 'en', 'An Khê', '2025-10-15 07:39:16', '2025-10-15 07:39:16'),
(343, 88, 'en', 'Đắk Lắk', '2025-10-15 07:39:16', '2025-10-15 07:39:16'),
(344, 89, 'en', 'Buon Ma Thuot', '2025-10-15 07:39:16', '2025-10-15 08:12:47'),
(345, 90, 'en', 'Buôn Hồ', '2025-10-15 07:39:16', '2025-10-15 07:39:16'),
(346, 91, 'en', 'Đắk Nông', '2025-10-15 07:39:16', '2025-10-15 07:39:16'),
(347, 92, 'en', 'Gia Nghĩa', '2025-10-15 07:39:16', '2025-10-15 07:39:16'),
(348, 93, 'en', 'Kiến Đức', '2025-10-15 07:39:16', '2025-10-15 07:39:16'),
(349, 94, 'en', 'Lâm Đồng', '2025-10-15 07:39:16', '2025-10-15 07:39:16'),
(350, 95, 'en', 'Bảo Lộc', '2025-10-15 07:39:16', '2025-10-15 07:39:16'),
(351, 96, 'en', 'Ho Chi Minh City', '2025-10-15 07:39:16', '2025-10-15 08:12:47'),
(352, 97, 'en', 'Ho Chi Minh City', '2025-10-15 07:39:16', '2025-10-15 08:12:47'),
(353, 98, 'en', 'Thủ Đức', '2025-10-15 07:39:16', '2025-10-15 07:39:16'),
(354, 99, 'en', 'Bình Dương', '2025-10-15 07:39:16', '2025-10-15 07:39:16'),
(355, 100, 'en', 'Thu Dau Mot', '2025-10-15 07:39:16', '2025-10-15 08:12:47'),
(356, 101, 'en', 'Dĩ An', '2025-10-15 07:39:16', '2025-10-15 07:39:16'),
(357, 102, 'en', 'Đồng Nai', '2025-10-15 07:39:16', '2025-10-15 07:39:16'),
(358, 103, 'en', 'Bien Hoa', '2025-10-15 07:39:16', '2025-10-15 08:12:47'),
(359, 104, 'en', 'Long Khánh', '2025-10-15 07:39:16', '2025-10-15 07:39:16'),
(360, 105, 'en', 'Bà Rịa – Vũng Tàu', '2025-10-15 07:39:16', '2025-10-15 07:39:16'),
(361, 106, 'en', 'Vung Tau', '2025-10-15 07:39:16', '2025-10-15 08:12:47'),
(362, 107, 'en', 'Bà Rịa', '2025-10-15 07:39:16', '2025-10-15 07:39:16'),
(363, 108, 'en', 'Tây Ninh', '2025-10-15 07:39:16', '2025-10-15 07:39:16'),
(364, 109, 'en', 'Hòa Thành', '2025-10-15 07:39:16', '2025-10-15 07:39:16'),
(365, 110, 'en', 'Bình Phước', '2025-10-15 07:39:16', '2025-10-15 07:39:16'),
(366, 111, 'en', 'Đồng Xoài', '2025-10-15 07:39:16', '2025-10-15 07:39:16'),
(367, 112, 'en', 'Phước Long', '2025-10-15 07:39:16', '2025-10-15 07:39:16'),
(368, 113, 'en', 'Long An', '2025-10-15 07:39:16', '2025-10-15 07:39:16'),
(369, 114, 'en', 'Tân An', '2025-10-15 07:39:16', '2025-10-15 07:39:16'),
(370, 115, 'en', 'Kiến Tường', '2025-10-15 07:39:16', '2025-10-15 07:39:16'),
(371, 116, 'en', 'Tiền Giang', '2025-10-15 07:39:16', '2025-10-15 07:39:16'),
(372, 117, 'en', 'Mỹ Tho', '2025-10-15 07:39:16', '2025-10-15 07:39:16'),
(373, 118, 'en', 'Gò Công', '2025-10-15 07:39:16', '2025-10-15 07:39:16'),
(374, 119, 'en', 'Bến Tre', '2025-10-15 07:39:16', '2025-10-15 07:39:16'),
(375, 120, 'en', 'Ba Tri', '2025-10-15 07:39:16', '2025-10-15 07:39:16'),
(376, 121, 'en', 'Trà Vinh', '2025-10-15 07:39:16', '2025-10-15 07:39:16'),
(377, 122, 'en', 'Duyên Hải', '2025-10-15 07:39:16', '2025-10-15 07:39:16'),
(378, 123, 'en', 'Vinh Long', '2025-10-15 07:39:16', '2025-10-15 08:12:47'),
(379, 124, 'en', 'Bình Minh', '2025-10-15 07:39:16', '2025-10-15 07:39:16'),
(380, 125, 'en', 'Đồng Tháp', '2025-10-15 07:39:16', '2025-10-15 07:39:16'),
(381, 126, 'en', 'Cao Lãnh', '2025-10-15 07:39:16', '2025-10-15 07:39:16'),
(382, 127, 'en', 'Sa Đéc', '2025-10-15 07:39:16', '2025-10-15 07:39:16'),
(383, 128, 'en', 'An Giang', '2025-10-15 07:39:16', '2025-10-15 07:39:16'),
(384, 129, 'en', 'Long Xuyen', '2025-10-15 07:39:16', '2025-10-15 08:12:47'),
(385, 130, 'en', 'Chau Doc', '2025-10-15 07:39:16', '2025-10-15 08:12:47'),
(386, 131, 'en', 'Kiên Giang', '2025-10-15 07:39:16', '2025-10-15 07:39:16'),
(387, 132, 'en', 'Rach Gia', '2025-10-15 07:39:16', '2025-10-15 08:12:47'),
(388, 133, 'en', 'Ha Tien', '2025-10-15 07:39:16', '2025-10-15 08:12:47'),
(389, 134, 'en', 'Hậu Giang', '2025-10-15 07:39:16', '2025-10-15 07:39:16'),
(390, 135, 'en', 'Vị Thanh', '2025-10-15 07:39:16', '2025-10-15 07:39:16'),
(391, 136, 'en', 'Ngã Bảy', '2025-10-15 07:39:16', '2025-10-15 07:39:16'),
(392, 137, 'en', 'Soc Trang', '2025-10-15 07:39:16', '2025-10-15 08:12:47'),
(393, 138, 'en', 'Vĩnh Châu', '2025-10-15 07:39:16', '2025-10-15 07:39:16'),
(394, 139, 'en', 'Bac Lieu', '2025-10-15 07:39:16', '2025-10-15 08:12:47'),
(395, 140, 'en', 'Giá Rai', '2025-10-15 07:39:16', '2025-10-15 07:39:16'),
(396, 141, 'en', 'Ca Mau', '2025-10-15 07:39:16', '2025-10-15 08:12:47'),
(397, 142, 'en', 'Sông Đốc', '2025-10-15 07:39:16', '2025-10-15 07:39:16'),
(398, 143, 'en', 'Can Tho', '2025-10-15 07:39:16', '2025-10-15 08:12:47'),
(399, 144, 'en', 'Bình Thủy', '2025-10-15 07:39:16', '2025-10-15 07:39:16'),
(511, 1, 'ja', 'ハノイ', '2025-10-15 07:39:39', '2025-10-15 08:16:10'),
(512, 2, 'ja', 'ニャチャン', '2025-10-15 07:39:39', '2025-10-15 08:16:10'),
(513, 3, 'ja', 'ダラット', '2025-10-15 07:39:39', '2025-10-15 08:16:10'),
(514, 4, 'ja', 'Sơn Tây', '2025-10-15 07:39:39', '2025-10-15 07:39:39'),
(515, 5, 'ja', 'ハイフォン', '2025-10-15 07:39:39', '2025-10-15 08:16:10'),
(516, 6, 'ja', 'Đồ Sơn', '2025-10-15 07:39:39', '2025-10-15 07:39:39'),
(517, 7, 'ja', 'Quảng Ninh', '2025-10-15 07:39:39', '2025-10-15 07:39:39'),
(518, 8, 'ja', 'ハロン', '2025-10-15 07:39:39', '2025-10-15 08:16:10'),
(519, 9, 'ja', 'Cẩm Phả', '2025-10-15 07:39:39', '2025-10-15 07:39:39'),
(520, 10, 'ja', 'Hải Dương', '2025-10-15 07:39:39', '2025-10-15 07:39:39'),
(521, 11, 'ja', 'Chí Linh', '2025-10-15 07:39:39', '2025-10-15 07:39:39'),
(522, 12, 'ja', 'Hưng Yên', '2025-10-15 07:39:39', '2025-10-15 07:39:39'),
(523, 13, 'ja', 'Mỹ Hào', '2025-10-15 07:39:39', '2025-10-15 07:39:39'),
(524, 14, 'ja', 'Bắc Ninh', '2025-10-15 07:39:39', '2025-10-15 07:39:39'),
(525, 15, 'ja', 'Từ Sơn', '2025-10-15 07:39:39', '2025-10-15 07:39:39'),
(526, 16, 'ja', 'Thái Nguyên', '2025-10-15 07:39:39', '2025-10-15 07:39:39'),
(527, 17, 'ja', 'Sông Công', '2025-10-15 07:39:39', '2025-10-15 07:39:39'),
(528, 18, 'ja', 'Phú Thọ', '2025-10-15 07:39:39', '2025-10-15 07:39:39'),
(529, 19, 'ja', 'Việt Trì', '2025-10-15 07:39:39', '2025-10-15 07:39:39'),
(530, 20, 'ja', 'Vĩnh Phúc', '2025-10-15 07:39:39', '2025-10-15 07:39:39'),
(531, 21, 'ja', 'Vĩnh Yên', '2025-10-15 07:39:39', '2025-10-15 07:39:39'),
(532, 22, 'ja', 'Phúc Yên', '2025-10-15 07:39:39', '2025-10-15 07:39:39'),
(533, 23, 'ja', 'Bắc Giang', '2025-10-15 07:39:39', '2025-10-15 07:39:39'),
(534, 24, 'ja', 'Hiệp Hòa', '2025-10-15 07:39:39', '2025-10-15 07:39:39'),
(535, 25, 'ja', 'Lạng Sơn', '2025-10-15 07:39:39', '2025-10-15 07:39:39'),
(536, 26, 'ja', 'Đồng Đăng', '2025-10-15 07:39:39', '2025-10-15 07:39:39'),
(537, 27, 'ja', 'Cao Bằng', '2025-10-15 07:39:39', '2025-10-15 07:39:39'),
(538, 28, 'ja', 'Tà Lùng', '2025-10-15 07:39:39', '2025-10-15 07:39:39'),
(539, 29, 'ja', 'Hà Giang', '2025-10-15 07:39:39', '2025-10-15 07:39:39'),
(540, 30, 'ja', 'Đồng Văn', '2025-10-15 07:39:39', '2025-10-15 07:39:39'),
(541, 31, 'ja', 'Tuyên Quang', '2025-10-15 07:39:39', '2025-10-15 07:39:39'),
(542, 32, 'ja', 'Na Hang', '2025-10-15 07:39:39', '2025-10-15 07:39:39'),
(543, 33, 'ja', 'Yên Bái', '2025-10-15 07:39:39', '2025-10-15 07:39:39'),
(544, 34, 'ja', 'Nghĩa Lộ', '2025-10-15 07:39:39', '2025-10-15 07:39:39'),
(545, 35, 'ja', 'Lào Cai', '2025-10-15 07:39:39', '2025-10-15 07:39:39'),
(546, 36, 'ja', 'サパ', '2025-10-15 07:39:39', '2025-10-15 08:16:10'),
(547, 37, 'ja', 'Điện Biên', '2025-10-15 07:39:39', '2025-10-15 07:39:39'),
(548, 38, 'ja', 'Điện Biên Phủ', '2025-10-15 07:39:39', '2025-10-15 07:39:39'),
(549, 39, 'ja', 'Mường Lay', '2025-10-15 07:39:39', '2025-10-15 07:39:39'),
(550, 40, 'ja', 'Lai Châu', '2025-10-15 07:39:39', '2025-10-15 07:39:39'),
(551, 41, 'ja', 'Phong Thổ', '2025-10-15 07:39:39', '2025-10-15 07:39:39'),
(552, 42, 'ja', 'Sơn La', '2025-10-15 07:39:39', '2025-10-15 07:39:39'),
(553, 43, 'ja', 'Mộc Châu', '2025-10-15 07:39:39', '2025-10-15 07:39:39'),
(554, 44, 'ja', 'Hòa Bình', '2025-10-15 07:39:39', '2025-10-15 07:39:39'),
(555, 45, 'ja', 'Lương Sơn', '2025-10-15 07:39:39', '2025-10-15 07:39:39'),
(556, 46, 'ja', 'Bắc Kạn', '2025-10-15 07:39:39', '2025-10-15 07:39:39'),
(557, 47, 'ja', 'Chợ Mới', '2025-10-15 07:39:39', '2025-10-15 07:39:39'),
(558, 48, 'ja', 'Thanh Hóa', '2025-10-15 07:39:39', '2025-10-15 07:39:39'),
(559, 49, 'ja', 'Sầm Sơn', '2025-10-15 07:39:39', '2025-10-15 07:39:39'),
(560, 50, 'ja', 'Nghệ An', '2025-10-15 07:39:39', '2025-10-15 07:39:39'),
(561, 51, 'ja', 'ヴィン', '2025-10-15 07:39:39', '2025-10-15 08:16:10'),
(562, 52, 'ja', 'Thái Hòa', '2025-10-15 07:39:39', '2025-10-15 07:39:39'),
(563, 53, 'ja', 'Hà Tĩnh', '2025-10-15 07:39:39', '2025-10-15 07:39:39'),
(564, 54, 'ja', 'Hồng Lĩnh', '2025-10-15 07:39:39', '2025-10-15 07:39:39'),
(565, 55, 'ja', 'Quảng Bình', '2025-10-15 07:39:39', '2025-10-15 07:39:39'),
(566, 56, 'ja', 'Đồng Hới', '2025-10-15 07:39:39', '2025-10-15 07:39:39'),
(567, 57, 'ja', 'Ba Đồn', '2025-10-15 07:39:39', '2025-10-15 07:39:39'),
(568, 58, 'ja', 'Quảng Trị', '2025-10-15 07:39:39', '2025-10-15 07:39:39'),
(569, 59, 'ja', 'Đông Hà', '2025-10-15 07:39:39', '2025-10-15 07:39:39'),
(570, 60, 'ja', 'Thừa Thiên Huế', '2025-10-15 07:39:39', '2025-10-15 07:39:39'),
(571, 61, 'ja', 'フエ', '2025-10-15 07:39:39', '2025-10-15 08:16:10'),
(572, 62, 'ja', 'Hương Thủy', '2025-10-15 07:39:39', '2025-10-15 07:39:39'),
(573, 63, 'ja', 'ダナン', '2025-10-15 07:39:39', '2025-10-15 08:16:10'),
(574, 64, 'ja', 'Quảng Nam', '2025-10-15 07:39:39', '2025-10-15 07:39:39'),
(575, 65, 'ja', 'タムキー', '2025-10-15 07:39:39', '2025-10-15 08:16:10'),
(576, 66, 'ja', 'ホイアン', '2025-10-15 07:39:39', '2025-10-15 08:16:10'),
(577, 67, 'ja', 'Quảng Ngãi', '2025-10-15 07:39:39', '2025-10-15 07:39:39'),
(578, 68, 'ja', 'Đức Phổ', '2025-10-15 07:39:39', '2025-10-15 07:39:39'),
(579, 69, 'ja', 'Bình Định', '2025-10-15 07:39:39', '2025-10-15 07:39:39'),
(580, 70, 'ja', 'クイニョン', '2025-10-15 07:39:39', '2025-10-15 08:16:10'),
(581, 71, 'ja', 'An Nhơn', '2025-10-15 07:39:39', '2025-10-15 07:39:39'),
(582, 72, 'ja', 'Phú Yên', '2025-10-15 07:39:39', '2025-10-15 07:39:39'),
(583, 73, 'ja', 'Tuy Hòa', '2025-10-15 07:39:39', '2025-10-15 07:39:39'),
(584, 74, 'ja', 'Sông Cầu', '2025-10-15 07:39:39', '2025-10-15 07:39:39'),
(585, 75, 'ja', 'Khánh Hòa', '2025-10-15 07:39:39', '2025-10-15 07:39:39'),
(586, 76, 'ja', 'カムラン', '2025-10-15 07:39:39', '2025-10-15 08:16:10'),
(587, 77, 'ja', 'Ninh Thuận', '2025-10-15 07:39:39', '2025-10-15 07:39:39'),
(588, 78, 'ja', 'ファンラン＝タップチャム', '2025-10-15 07:39:39', '2025-10-15 08:16:10'),
(589, 79, 'ja', 'Ninh Sơn', '2025-10-15 07:39:39', '2025-10-15 07:39:39'),
(590, 80, 'ja', 'Bình Thuận', '2025-10-15 07:39:39', '2025-10-15 07:39:39'),
(591, 81, 'ja', 'ファンティエット', '2025-10-15 07:39:39', '2025-10-15 08:16:10'),
(592, 82, 'ja', 'ラジ', '2025-10-15 07:39:39', '2025-10-15 08:16:10'),
(593, 83, 'ja', 'Kon Tum', '2025-10-15 07:39:39', '2025-10-15 07:39:39'),
(594, 84, 'ja', 'Ngọc Hồi', '2025-10-15 07:39:39', '2025-10-15 07:39:39'),
(595, 85, 'ja', 'Gia Lai', '2025-10-15 07:39:39', '2025-10-15 07:39:39'),
(596, 86, 'ja', 'プレイク', '2025-10-15 07:39:39', '2025-10-15 08:16:10'),
(597, 87, 'ja', 'An Khê', '2025-10-15 07:39:39', '2025-10-15 07:39:39'),
(598, 88, 'ja', 'Đắk Lắk', '2025-10-15 07:39:39', '2025-10-15 07:39:39'),
(599, 89, 'ja', 'ブオンマトート', '2025-10-15 07:39:39', '2025-10-15 08:16:10'),
(600, 90, 'ja', 'Buôn Hồ', '2025-10-15 07:39:39', '2025-10-15 07:39:39'),
(601, 91, 'ja', 'Đắk Nông', '2025-10-15 07:39:39', '2025-10-15 07:39:39'),
(602, 92, 'ja', 'Gia Nghĩa', '2025-10-15 07:39:39', '2025-10-15 07:39:39'),
(603, 93, 'ja', 'Kiến Đức', '2025-10-15 07:39:39', '2025-10-15 07:39:39'),
(604, 94, 'ja', 'Lâm Đồng', '2025-10-15 07:39:39', '2025-10-15 07:39:39'),
(605, 95, 'ja', 'Bảo Lộc', '2025-10-15 07:39:39', '2025-10-15 07:39:39'),
(606, 96, 'ja', 'ホーチミン', '2025-10-15 07:39:39', '2025-10-15 08:16:10'),
(607, 97, 'ja', 'ホーチミン', '2025-10-15 07:39:39', '2025-10-15 08:16:10'),
(608, 98, 'ja', 'Thủ Đức', '2025-10-15 07:39:39', '2025-10-15 07:39:39'),
(609, 99, 'ja', 'Bình Dương', '2025-10-15 07:39:39', '2025-10-15 07:39:39'),
(610, 100, 'ja', 'トゥダウモット', '2025-10-15 07:39:39', '2025-10-15 08:16:10'),
(611, 101, 'ja', 'Dĩ An', '2025-10-15 07:39:39', '2025-10-15 07:39:39'),
(612, 102, 'ja', 'Đồng Nai', '2025-10-15 07:39:39', '2025-10-15 07:39:39'),
(613, 103, 'ja', 'ビエンホア', '2025-10-15 07:39:39', '2025-10-15 08:16:10'),
(614, 104, 'ja', 'Long Khánh', '2025-10-15 07:39:39', '2025-10-15 07:39:39'),
(615, 105, 'ja', 'Bà Rịa – Vũng Tàu', '2025-10-15 07:39:39', '2025-10-15 07:39:39'),
(616, 106, 'ja', 'ブンタウ', '2025-10-15 07:39:39', '2025-10-15 08:16:10'),
(617, 107, 'ja', 'Bà Rịa', '2025-10-15 07:39:39', '2025-10-15 07:39:39'),
(618, 108, 'ja', 'Tây Ninh', '2025-10-15 07:39:39', '2025-10-15 07:39:39'),
(619, 109, 'ja', 'Hòa Thành', '2025-10-15 07:39:39', '2025-10-15 07:39:39'),
(620, 110, 'ja', 'Bình Phước', '2025-10-15 07:39:39', '2025-10-15 07:39:39'),
(621, 111, 'ja', 'Đồng Xoài', '2025-10-15 07:39:39', '2025-10-15 07:39:39'),
(622, 112, 'ja', 'Phước Long', '2025-10-15 07:39:39', '2025-10-15 07:39:39'),
(623, 113, 'ja', 'Long An', '2025-10-15 07:39:39', '2025-10-15 07:39:39'),
(624, 114, 'ja', 'Tân An', '2025-10-15 07:39:39', '2025-10-15 07:39:39'),
(625, 115, 'ja', 'Kiến Tường', '2025-10-15 07:39:39', '2025-10-15 07:39:39'),
(626, 116, 'ja', 'Tiền Giang', '2025-10-15 07:39:39', '2025-10-15 07:39:39'),
(627, 117, 'ja', 'Mỹ Tho', '2025-10-15 07:39:39', '2025-10-15 07:39:39'),
(628, 118, 'ja', 'Gò Công', '2025-10-15 07:39:39', '2025-10-15 07:39:39'),
(629, 119, 'ja', 'Bến Tre', '2025-10-15 07:39:39', '2025-10-15 07:39:39'),
(630, 120, 'ja', 'Ba Tri', '2025-10-15 07:39:39', '2025-10-15 07:39:39'),
(631, 121, 'ja', 'Trà Vinh', '2025-10-15 07:39:39', '2025-10-15 07:39:39'),
(632, 122, 'ja', 'Duyên Hải', '2025-10-15 07:39:39', '2025-10-15 07:39:39'),
(633, 123, 'ja', 'ヴィンロン', '2025-10-15 07:39:39', '2025-10-15 08:16:10'),
(634, 124, 'ja', 'Bình Minh', '2025-10-15 07:39:39', '2025-10-15 07:39:39'),
(635, 125, 'ja', 'Đồng Tháp', '2025-10-15 07:39:39', '2025-10-15 07:39:39'),
(636, 126, 'ja', 'Cao Lãnh', '2025-10-15 07:39:39', '2025-10-15 07:39:39'),
(637, 127, 'ja', 'Sa Đéc', '2025-10-15 07:39:39', '2025-10-15 07:39:39'),
(638, 128, 'ja', 'An Giang', '2025-10-15 07:39:39', '2025-10-15 07:39:39'),
(639, 129, 'ja', 'ロンシュエン', '2025-10-15 07:39:39', '2025-10-15 08:16:10'),
(640, 130, 'ja', 'チャウドック', '2025-10-15 07:39:39', '2025-10-15 08:16:10'),
(641, 131, 'ja', 'Kiên Giang', '2025-10-15 07:39:39', '2025-10-15 07:39:39'),
(642, 132, 'ja', 'ラックザー', '2025-10-15 07:39:39', '2025-10-15 08:16:10'),
(643, 133, 'ja', 'ハティエン', '2025-10-15 07:39:39', '2025-10-15 08:16:10'),
(644, 134, 'ja', 'Hậu Giang', '2025-10-15 07:39:39', '2025-10-15 07:39:39'),
(645, 135, 'ja', 'Vị Thanh', '2025-10-15 07:39:39', '2025-10-15 07:39:39'),
(646, 136, 'ja', 'Ngã Bảy', '2025-10-15 07:39:39', '2025-10-15 07:39:39'),
(647, 137, 'ja', 'ソクチャン', '2025-10-15 07:39:39', '2025-10-15 08:16:10'),
(648, 138, 'ja', 'Vĩnh Châu', '2025-10-15 07:39:39', '2025-10-15 07:39:39'),
(649, 139, 'ja', 'バックリュー', '2025-10-15 07:39:39', '2025-10-15 08:16:10'),
(650, 140, 'ja', 'Giá Rai', '2025-10-15 07:39:39', '2025-10-15 07:39:39'),
(651, 141, 'ja', 'カマウ', '2025-10-15 07:39:39', '2025-10-15 08:16:10'),
(652, 142, 'ja', 'Sông Đốc', '2025-10-15 07:39:39', '2025-10-15 07:39:39'),
(653, 143, 'ja', 'カントー', '2025-10-15 07:39:39', '2025-10-15 08:16:10'),
(654, 144, 'ja', 'Bình Thủy', '2025-10-15 07:39:39', '2025-10-15 07:39:39'),
(766, 1, 'ko', '하노이', '2025-10-15 07:39:39', '2025-10-15 08:21:17'),
(767, 2, 'ko', '나트랑', '2025-10-15 07:39:39', '2025-10-15 08:21:17'),
(768, 3, 'ko', '달랏', '2025-10-15 07:39:39', '2025-10-15 08:21:17'),
(769, 4, 'ko', 'Sơn Tây', '2025-10-15 07:39:39', '2025-10-15 07:39:39'),
(770, 5, 'ko', '하이퐁', '2025-10-15 07:39:39', '2025-10-15 08:21:17'),
(771, 6, 'ko', 'Đồ Sơn', '2025-10-15 07:39:39', '2025-10-15 07:39:39'),
(772, 7, 'ko', 'Quảng Ninh', '2025-10-15 07:39:39', '2025-10-15 07:39:39'),
(773, 8, 'ko', '하롱', '2025-10-15 07:39:39', '2025-10-15 08:21:17'),
(774, 9, 'ko', 'Cẩm Phả', '2025-10-15 07:39:39', '2025-10-15 07:39:39'),
(775, 10, 'ko', 'Hải Dương', '2025-10-15 07:39:39', '2025-10-15 07:39:39'),
(776, 11, 'ko', 'Chí Linh', '2025-10-15 07:39:39', '2025-10-15 07:39:39'),
(777, 12, 'ko', 'Hưng Yên', '2025-10-15 07:39:39', '2025-10-15 07:39:39'),
(778, 13, 'ko', 'Mỹ Hào', '2025-10-15 07:39:39', '2025-10-15 07:39:39'),
(779, 14, 'ko', 'Bắc Ninh', '2025-10-15 07:39:39', '2025-10-15 07:39:39'),
(780, 15, 'ko', 'Từ Sơn', '2025-10-15 07:39:39', '2025-10-15 07:39:39'),
(781, 16, 'ko', 'Thái Nguyên', '2025-10-15 07:39:39', '2025-10-15 07:39:39'),
(782, 17, 'ko', 'Sông Công', '2025-10-15 07:39:39', '2025-10-15 07:39:39'),
(783, 18, 'ko', 'Phú Thọ', '2025-10-15 07:39:39', '2025-10-15 07:39:39'),
(784, 19, 'ko', 'Việt Trì', '2025-10-15 07:39:39', '2025-10-15 07:39:39'),
(785, 20, 'ko', 'Vĩnh Phúc', '2025-10-15 07:39:39', '2025-10-15 07:39:39'),
(786, 21, 'ko', 'Vĩnh Yên', '2025-10-15 07:39:39', '2025-10-15 07:39:39'),
(787, 22, 'ko', 'Phúc Yên', '2025-10-15 07:39:39', '2025-10-15 07:39:39'),
(788, 23, 'ko', 'Bắc Giang', '2025-10-15 07:39:39', '2025-10-15 07:39:39'),
(789, 24, 'ko', 'Hiệp Hòa', '2025-10-15 07:39:39', '2025-10-15 07:39:39'),
(790, 25, 'ko', 'Lạng Sơn', '2025-10-15 07:39:39', '2025-10-15 07:39:39'),
(791, 26, 'ko', 'Đồng Đăng', '2025-10-15 07:39:39', '2025-10-15 07:39:39'),
(792, 27, 'ko', 'Cao Bằng', '2025-10-15 07:39:39', '2025-10-15 07:39:39'),
(793, 28, 'ko', 'Tà Lùng', '2025-10-15 07:39:39', '2025-10-15 07:39:39'),
(794, 29, 'ko', 'Hà Giang', '2025-10-15 07:39:39', '2025-10-15 07:39:39'),
(795, 30, 'ko', 'Đồng Văn', '2025-10-15 07:39:39', '2025-10-15 07:39:39'),
(796, 31, 'ko', 'Tuyên Quang', '2025-10-15 07:39:39', '2025-10-15 07:39:39'),
(797, 32, 'ko', 'Na Hang', '2025-10-15 07:39:39', '2025-10-15 07:39:39'),
(798, 33, 'ko', 'Yên Bái', '2025-10-15 07:39:39', '2025-10-15 07:39:39'),
(799, 34, 'ko', 'Nghĩa Lộ', '2025-10-15 07:39:39', '2025-10-15 07:39:39'),
(800, 35, 'ko', 'Lào Cai', '2025-10-15 07:39:39', '2025-10-15 07:39:39'),
(801, 36, 'ko', '사파', '2025-10-15 07:39:39', '2025-10-15 08:21:17'),
(802, 37, 'ko', 'Điện Biên', '2025-10-15 07:39:39', '2025-10-15 07:39:39'),
(803, 38, 'ko', 'Điện Biên Phủ', '2025-10-15 07:39:39', '2025-10-15 07:39:39'),
(804, 39, 'ko', 'Mường Lay', '2025-10-15 07:39:39', '2025-10-15 07:39:39'),
(805, 40, 'ko', 'Lai Châu', '2025-10-15 07:39:39', '2025-10-15 07:39:39'),
(806, 41, 'ko', 'Phong Thổ', '2025-10-15 07:39:39', '2025-10-15 07:39:39'),
(807, 42, 'ko', 'Sơn La', '2025-10-15 07:39:39', '2025-10-15 07:39:39'),
(808, 43, 'ko', 'Mộc Châu', '2025-10-15 07:39:39', '2025-10-15 07:39:39'),
(809, 44, 'ko', 'Hòa Bình', '2025-10-15 07:39:39', '2025-10-15 07:39:39'),
(810, 45, 'ko', 'Lương Sơn', '2025-10-15 07:39:39', '2025-10-15 07:39:39'),
(811, 46, 'ko', 'Bắc Kạn', '2025-10-15 07:39:39', '2025-10-15 07:39:39'),
(812, 47, 'ko', 'Chợ Mới', '2025-10-15 07:39:39', '2025-10-15 07:39:39'),
(813, 48, 'ko', 'Thanh Hóa', '2025-10-15 07:39:39', '2025-10-15 07:39:39'),
(814, 49, 'ko', 'Sầm Sơn', '2025-10-15 07:39:39', '2025-10-15 07:39:39'),
(815, 50, 'ko', 'Nghệ An', '2025-10-15 07:39:39', '2025-10-15 07:39:39'),
(816, 51, 'ko', '빈', '2025-10-15 07:39:39', '2025-10-15 08:21:17'),
(817, 52, 'ko', 'Thái Hòa', '2025-10-15 07:39:39', '2025-10-15 07:39:39'),
(818, 53, 'ko', 'Hà Tĩnh', '2025-10-15 07:39:39', '2025-10-15 07:39:39'),
(819, 54, 'ko', 'Hồng Lĩnh', '2025-10-15 07:39:39', '2025-10-15 07:39:39'),
(820, 55, 'ko', 'Quảng Bình', '2025-10-15 07:39:39', '2025-10-15 07:39:39'),
(821, 56, 'ko', 'Đồng Hới', '2025-10-15 07:39:39', '2025-10-15 07:39:39'),
(822, 57, 'ko', 'Ba Đồn', '2025-10-15 07:39:39', '2025-10-15 07:39:39'),
(823, 58, 'ko', 'Quảng Trị', '2025-10-15 07:39:39', '2025-10-15 07:39:39'),
(824, 59, 'ko', 'Đông Hà', '2025-10-15 07:39:39', '2025-10-15 07:39:39'),
(825, 60, 'ko', 'Thừa Thiên Huế', '2025-10-15 07:39:39', '2025-10-15 07:39:39'),
(826, 61, 'ko', '후에', '2025-10-15 07:39:39', '2025-10-15 08:21:17'),
(827, 62, 'ko', 'Hương Thủy', '2025-10-15 07:39:39', '2025-10-15 07:39:39'),
(828, 63, 'ko', '다낭', '2025-10-15 07:39:39', '2025-10-15 08:21:17'),
(829, 64, 'ko', 'Quảng Nam', '2025-10-15 07:39:39', '2025-10-15 07:39:39'),
(830, 65, 'ko', '딴끼', '2025-10-15 07:39:39', '2025-10-15 08:21:17'),
(831, 66, 'ko', '호이안', '2025-10-15 07:39:39', '2025-10-15 08:21:17'),
(832, 67, 'ko', 'Quảng Ngãi', '2025-10-15 07:39:39', '2025-10-15 07:39:39'),
(833, 68, 'ko', 'Đức Phổ', '2025-10-15 07:39:39', '2025-10-15 07:39:39'),
(834, 69, 'ko', 'Bình Định', '2025-10-15 07:39:39', '2025-10-15 07:39:39'),
(835, 70, 'ko', '뀌년', '2025-10-15 07:39:39', '2025-10-15 08:21:17'),
(836, 71, 'ko', 'An Nhơn', '2025-10-15 07:39:39', '2025-10-15 07:39:39'),
(837, 72, 'ko', 'Phú Yên', '2025-10-15 07:39:39', '2025-10-15 07:39:39'),
(838, 73, 'ko', 'Tuy Hòa', '2025-10-15 07:39:39', '2025-10-15 07:39:39'),
(839, 74, 'ko', 'Sông Cầu', '2025-10-15 07:39:39', '2025-10-15 07:39:39'),
(840, 75, 'ko', 'Khánh Hòa', '2025-10-15 07:39:39', '2025-10-15 07:39:39'),
(841, 76, 'ko', '캄란', '2025-10-15 07:39:39', '2025-10-15 08:21:17'),
(842, 77, 'ko', 'Ninh Thuận', '2025-10-15 07:39:39', '2025-10-15 07:39:39'),
(843, 78, 'ko', '판랑탑참', '2025-10-15 07:39:39', '2025-10-15 08:21:17'),
(844, 79, 'ko', 'Ninh Sơn', '2025-10-15 07:39:39', '2025-10-15 07:39:39'),
(845, 80, 'ko', 'Bình Thuận', '2025-10-15 07:39:39', '2025-10-15 07:39:39'),
(846, 81, 'ko', '판티엣', '2025-10-15 07:39:39', '2025-10-15 08:21:17'),
(847, 82, 'ko', '라지', '2025-10-15 07:39:39', '2025-10-15 08:21:17'),
(848, 83, 'ko', 'Kon Tum', '2025-10-15 07:39:39', '2025-10-15 07:39:39'),
(849, 84, 'ko', 'Ngọc Hồi', '2025-10-15 07:39:39', '2025-10-15 07:39:39'),
(850, 85, 'ko', 'Gia Lai', '2025-10-15 07:39:39', '2025-10-15 07:39:39'),
(851, 86, 'ko', '플레이꾸', '2025-10-15 07:39:39', '2025-10-15 08:21:17'),
(852, 87, 'ko', 'An Khê', '2025-10-15 07:39:39', '2025-10-15 07:39:39'),
(853, 88, 'ko', 'Đắk Lắk', '2025-10-15 07:39:39', '2025-10-15 07:39:39'),
(854, 89, 'ko', '부온마투옛', '2025-10-15 07:39:39', '2025-10-15 08:21:17'),
(855, 90, 'ko', 'Buôn Hồ', '2025-10-15 07:39:39', '2025-10-15 07:39:39'),
(856, 91, 'ko', 'Đắk Nông', '2025-10-15 07:39:39', '2025-10-15 07:39:39'),
(857, 92, 'ko', 'Gia Nghĩa', '2025-10-15 07:39:39', '2025-10-15 07:39:39'),
(858, 93, 'ko', 'Kiến Đức', '2025-10-15 07:39:39', '2025-10-15 07:39:39'),
(859, 94, 'ko', 'Lâm Đồng', '2025-10-15 07:39:39', '2025-10-15 07:39:39'),
(860, 95, 'ko', 'Bảo Lộc', '2025-10-15 07:39:39', '2025-10-15 07:39:39'),
(861, 96, 'ko', '호치민', '2025-10-15 07:39:39', '2025-10-15 08:21:17'),
(862, 97, 'ko', '호치민', '2025-10-15 07:39:39', '2025-10-15 08:21:17'),
(863, 98, 'ko', 'Thủ Đức', '2025-10-15 07:39:39', '2025-10-15 07:39:39'),
(864, 99, 'ko', 'Bình Dương', '2025-10-15 07:39:39', '2025-10-15 07:39:39'),
(865, 100, 'ko', '터자우못', '2025-10-15 07:39:39', '2025-10-15 08:21:17'),
(866, 101, 'ko', 'Dĩ An', '2025-10-15 07:39:39', '2025-10-15 07:39:39'),
(867, 102, 'ko', 'Đồng Nai', '2025-10-15 07:39:39', '2025-10-15 07:39:39'),
(868, 103, 'ko', '비엔호아', '2025-10-15 07:39:39', '2025-10-15 08:21:17'),
(869, 104, 'ko', 'Long Khánh', '2025-10-15 07:39:39', '2025-10-15 07:39:39'),
(870, 105, 'ko', 'Bà Rịa – Vũng Tàu', '2025-10-15 07:39:39', '2025-10-15 07:39:39'),
(871, 106, 'ko', '붕따우', '2025-10-15 07:39:39', '2025-10-15 08:21:17'),
(872, 107, 'ko', 'Bà Rịa', '2025-10-15 07:39:39', '2025-10-15 07:39:39'),
(873, 108, 'ko', 'Tây Ninh', '2025-10-15 07:39:39', '2025-10-15 07:39:39'),
(874, 109, 'ko', 'Hòa Thành', '2025-10-15 07:39:39', '2025-10-15 07:39:39'),
(875, 110, 'ko', 'Bình Phước', '2025-10-15 07:39:39', '2025-10-15 07:39:39'),
(876, 111, 'ko', 'Đồng Xoài', '2025-10-15 07:39:39', '2025-10-15 07:39:39'),
(877, 112, 'ko', 'Phước Long', '2025-10-15 07:39:39', '2025-10-15 07:39:39'),
(878, 113, 'ko', 'Long An', '2025-10-15 07:39:39', '2025-10-15 07:39:39'),
(879, 114, 'ko', 'Tân An', '2025-10-15 07:39:39', '2025-10-15 07:39:39'),
(880, 115, 'ko', 'Kiến Tường', '2025-10-15 07:39:39', '2025-10-15 07:39:39'),
(881, 116, 'ko', 'Tiền Giang', '2025-10-15 07:39:39', '2025-10-15 07:39:39'),
(882, 117, 'ko', 'Mỹ Tho', '2025-10-15 07:39:39', '2025-10-15 07:39:39'),
(883, 118, 'ko', 'Gò Công', '2025-10-15 07:39:39', '2025-10-15 07:39:39'),
(884, 119, 'ko', 'Bến Tre', '2025-10-15 07:39:39', '2025-10-15 07:39:39'),
(885, 120, 'ko', 'Ba Tri', '2025-10-15 07:39:39', '2025-10-15 07:39:39'),
(886, 121, 'ko', 'Trà Vinh', '2025-10-15 07:39:39', '2025-10-15 07:39:39'),
(887, 122, 'ko', 'Duyên Hải', '2025-10-15 07:39:39', '2025-10-15 07:39:39'),
(888, 123, 'ko', '빈롱', '2025-10-15 07:39:39', '2025-10-15 08:21:17'),
(889, 124, 'ko', 'Bình Minh', '2025-10-15 07:39:39', '2025-10-15 07:39:39'),
(890, 125, 'ko', 'Đồng Tháp', '2025-10-15 07:39:39', '2025-10-15 07:39:39'),
(891, 126, 'ko', 'Cao Lãnh', '2025-10-15 07:39:39', '2025-10-15 07:39:39'),
(892, 127, 'ko', 'Sa Đéc', '2025-10-15 07:39:39', '2025-10-15 07:39:39'),
(893, 128, 'ko', 'An Giang', '2025-10-15 07:39:39', '2025-10-15 07:39:39'),
(894, 129, 'ko', '롱쑤옌', '2025-10-15 07:39:39', '2025-10-15 08:21:17'),
(895, 130, 'ko', '쩌우독', '2025-10-15 07:39:39', '2025-10-15 08:21:17'),
(896, 131, 'ko', 'Kiên Giang', '2025-10-15 07:39:39', '2025-10-15 07:39:39'),
(897, 132, 'ko', '락자', '2025-10-15 07:39:39', '2025-10-15 08:21:17'),
(898, 133, 'ko', '하띠엔', '2025-10-15 07:39:39', '2025-10-15 08:21:17'),
(899, 134, 'ko', 'Hậu Giang', '2025-10-15 07:39:39', '2025-10-15 07:39:39'),
(900, 135, 'ko', 'Vị Thanh', '2025-10-15 07:39:39', '2025-10-15 07:39:39'),
(901, 136, 'ko', 'Ngã Bảy', '2025-10-15 07:39:39', '2025-10-15 07:39:39'),
(902, 137, 'ko', '속짱', '2025-10-15 07:39:39', '2025-10-15 08:21:17'),
(903, 138, 'ko', 'Vĩnh Châu', '2025-10-15 07:39:39', '2025-10-15 07:39:39'),
(904, 139, 'ko', '박리에우', '2025-10-15 07:39:39', '2025-10-15 08:21:17'),
(905, 140, 'ko', 'Giá Rai', '2025-10-15 07:39:39', '2025-10-15 07:39:39'),
(906, 141, 'ko', '까마우', '2025-10-15 07:39:39', '2025-10-15 08:21:17'),
(907, 142, 'ko', 'Sông Đốc', '2025-10-15 07:39:39', '2025-10-15 07:39:39'),
(908, 143, 'ko', '껀터', '2025-10-15 07:39:39', '2025-10-15 08:21:17'),
(909, 144, 'ko', 'Bình Thủy', '2025-10-15 07:39:39', '2025-10-15 07:39:39'),
(1021, 1, 'th', 'ฮานอย', '2025-10-15 07:39:39', '2025-10-15 08:21:35'),
(1022, 2, 'th', 'ญาตราง', '2025-10-15 07:39:39', '2025-10-15 08:21:35'),
(1023, 3, 'th', 'ดาลัด', '2025-10-15 07:39:39', '2025-10-15 08:21:35'),
(1024, 4, 'th', 'Sơn Tây', '2025-10-15 07:39:39', '2025-10-15 07:39:39'),
(1025, 5, 'th', 'ไฮฟอง', '2025-10-15 07:39:39', '2025-10-15 08:21:35'),
(1026, 6, 'th', 'Đồ Sơn', '2025-10-15 07:39:39', '2025-10-15 07:39:39'),
(1027, 7, 'th', 'Quảng Ninh', '2025-10-15 07:39:39', '2025-10-15 07:39:39'),
(1028, 8, 'th', 'ฮาลอง', '2025-10-15 07:39:39', '2025-10-15 08:21:35'),
(1029, 9, 'th', 'Cẩm Phả', '2025-10-15 07:39:39', '2025-10-15 07:39:39'),
(1030, 10, 'th', 'Hải Dương', '2025-10-15 07:39:39', '2025-10-15 07:39:39'),
(1031, 11, 'th', 'Chí Linh', '2025-10-15 07:39:39', '2025-10-15 07:39:39'),
(1032, 12, 'th', 'Hưng Yên', '2025-10-15 07:39:39', '2025-10-15 07:39:39'),
(1033, 13, 'th', 'Mỹ Hào', '2025-10-15 07:39:39', '2025-10-15 07:39:39'),
(1034, 14, 'th', 'Bắc Ninh', '2025-10-15 07:39:39', '2025-10-15 07:39:39'),
(1035, 15, 'th', 'Từ Sơn', '2025-10-15 07:39:39', '2025-10-15 07:39:39'),
(1036, 16, 'th', 'Thái Nguyên', '2025-10-15 07:39:39', '2025-10-15 07:39:39'),
(1037, 17, 'th', 'Sông Công', '2025-10-15 07:39:39', '2025-10-15 07:39:39'),
(1038, 18, 'th', 'Phú Thọ', '2025-10-15 07:39:39', '2025-10-15 07:39:39'),
(1039, 19, 'th', 'Việt Trì', '2025-10-15 07:39:39', '2025-10-15 07:39:39'),
(1040, 20, 'th', 'Vĩnh Phúc', '2025-10-15 07:39:39', '2025-10-15 07:39:39'),
(1041, 21, 'th', 'Vĩnh Yên', '2025-10-15 07:39:39', '2025-10-15 07:39:39'),
(1042, 22, 'th', 'Phúc Yên', '2025-10-15 07:39:39', '2025-10-15 07:39:39'),
(1043, 23, 'th', 'Bắc Giang', '2025-10-15 07:39:39', '2025-10-15 07:39:39'),
(1044, 24, 'th', 'Hiệp Hòa', '2025-10-15 07:39:39', '2025-10-15 07:39:39'),
(1045, 25, 'th', 'Lạng Sơn', '2025-10-15 07:39:39', '2025-10-15 07:39:39'),
(1046, 26, 'th', 'Đồng Đăng', '2025-10-15 07:39:39', '2025-10-15 07:39:39'),
(1047, 27, 'th', 'Cao Bằng', '2025-10-15 07:39:39', '2025-10-15 07:39:39'),
(1048, 28, 'th', 'Tà Lùng', '2025-10-15 07:39:39', '2025-10-15 07:39:39'),
(1049, 29, 'th', 'Hà Giang', '2025-10-15 07:39:39', '2025-10-15 07:39:39'),
(1050, 30, 'th', 'Đồng Văn', '2025-10-15 07:39:39', '2025-10-15 07:39:39'),
(1051, 31, 'th', 'Tuyên Quang', '2025-10-15 07:39:39', '2025-10-15 07:39:39'),
(1052, 32, 'th', 'Na Hang', '2025-10-15 07:39:39', '2025-10-15 07:39:39'),
(1053, 33, 'th', 'Yên Bái', '2025-10-15 07:39:39', '2025-10-15 07:39:39'),
(1054, 34, 'th', 'Nghĩa Lộ', '2025-10-15 07:39:39', '2025-10-15 07:39:39'),
(1055, 35, 'th', 'Lào Cai', '2025-10-15 07:39:39', '2025-10-15 07:39:39'),
(1056, 36, 'th', 'ซาปา', '2025-10-15 07:39:39', '2025-10-15 08:21:35'),
(1057, 37, 'th', 'Điện Biên', '2025-10-15 07:39:39', '2025-10-15 07:39:39'),
(1058, 38, 'th', 'Điện Biên Phủ', '2025-10-15 07:39:39', '2025-10-15 07:39:39'),
(1059, 39, 'th', 'Mường Lay', '2025-10-15 07:39:39', '2025-10-15 07:39:39'),
(1060, 40, 'th', 'Lai Châu', '2025-10-15 07:39:39', '2025-10-15 07:39:39'),
(1061, 41, 'th', 'Phong Thổ', '2025-10-15 07:39:39', '2025-10-15 07:39:39'),
(1062, 42, 'th', 'Sơn La', '2025-10-15 07:39:39', '2025-10-15 07:39:39'),
(1063, 43, 'th', 'Mộc Châu', '2025-10-15 07:39:39', '2025-10-15 07:39:39'),
(1064, 44, 'th', 'Hòa Bình', '2025-10-15 07:39:39', '2025-10-15 07:39:39'),
(1065, 45, 'th', 'Lương Sơn', '2025-10-15 07:39:39', '2025-10-15 07:39:39'),
(1066, 46, 'th', 'Bắc Kạn', '2025-10-15 07:39:39', '2025-10-15 07:39:39'),
(1067, 47, 'th', 'Chợ Mới', '2025-10-15 07:39:39', '2025-10-15 07:39:39'),
(1068, 48, 'th', 'Thanh Hóa', '2025-10-15 07:39:39', '2025-10-15 07:39:39'),
(1069, 49, 'th', 'Sầm Sơn', '2025-10-15 07:39:39', '2025-10-15 07:39:39'),
(1070, 50, 'th', 'Nghệ An', '2025-10-15 07:39:39', '2025-10-15 07:39:39'),
(1071, 51, 'th', 'วินห์', '2025-10-15 07:39:39', '2025-10-15 08:21:35'),
(1072, 52, 'th', 'Thái Hòa', '2025-10-15 07:39:39', '2025-10-15 07:39:39'),
(1073, 53, 'th', 'Hà Tĩnh', '2025-10-15 07:39:39', '2025-10-15 07:39:39'),
(1074, 54, 'th', 'Hồng Lĩnh', '2025-10-15 07:39:39', '2025-10-15 07:39:39'),
(1075, 55, 'th', 'Quảng Bình', '2025-10-15 07:39:39', '2025-10-15 07:39:39'),
(1076, 56, 'th', 'Đồng Hới', '2025-10-15 07:39:39', '2025-10-15 07:39:39'),
(1077, 57, 'th', 'Ba Đồn', '2025-10-15 07:39:39', '2025-10-15 07:39:39'),
(1078, 58, 'th', 'Quảng Trị', '2025-10-15 07:39:39', '2025-10-15 07:39:39'),
(1079, 59, 'th', 'Đông Hà', '2025-10-15 07:39:39', '2025-10-15 07:39:39'),
(1080, 60, 'th', 'Thừa Thiên Huế', '2025-10-15 07:39:39', '2025-10-15 07:39:39'),
(1081, 61, 'th', 'เว้', '2025-10-15 07:39:39', '2025-10-15 08:21:35'),
(1082, 62, 'th', 'Hương Thủy', '2025-10-15 07:39:39', '2025-10-15 07:39:39'),
(1083, 63, 'th', 'ดานัง', '2025-10-15 07:39:39', '2025-10-15 08:21:35'),
(1084, 64, 'th', 'Quảng Nam', '2025-10-15 07:39:39', '2025-10-15 07:39:39'),
(1085, 65, 'th', 'ตัมเกี๋ย', '2025-10-15 07:39:39', '2025-10-15 08:21:35'),
(1086, 66, 'th', 'โฮยอาน', '2025-10-15 07:39:39', '2025-10-15 08:21:35'),
(1087, 67, 'th', 'Quảng Ngãi', '2025-10-15 07:39:39', '2025-10-15 07:39:39'),
(1088, 68, 'th', 'Đức Phổ', '2025-10-15 07:39:39', '2025-10-15 07:39:39'),
(1089, 69, 'th', 'Bình Định', '2025-10-15 07:39:39', '2025-10-15 07:39:39'),
(1090, 70, 'th', 'กุยเญิน', '2025-10-15 07:39:39', '2025-10-15 08:21:35'),
(1091, 71, 'th', 'An Nhơn', '2025-10-15 07:39:39', '2025-10-15 07:39:39'),
(1092, 72, 'th', 'Phú Yên', '2025-10-15 07:39:39', '2025-10-15 07:39:39'),
(1093, 73, 'th', 'Tuy Hòa', '2025-10-15 07:39:39', '2025-10-15 07:39:39'),
(1094, 74, 'th', 'Sông Cầu', '2025-10-15 07:39:39', '2025-10-15 07:39:39'),
(1095, 75, 'th', 'Khánh Hòa', '2025-10-15 07:39:39', '2025-10-15 07:39:39'),
(1096, 76, 'th', 'แคมรันห์', '2025-10-15 07:39:39', '2025-10-15 08:21:35'),
(1097, 77, 'th', 'Ninh Thuận', '2025-10-15 07:39:39', '2025-10-15 07:39:39'),
(1098, 78, 'th', 'ฟานราง-แท็บจ่าม', '2025-10-15 07:39:39', '2025-10-15 08:21:35'),
(1099, 79, 'th', 'Ninh Sơn', '2025-10-15 07:39:39', '2025-10-15 07:39:39'),
(1100, 80, 'th', 'Bình Thuận', '2025-10-15 07:39:39', '2025-10-15 07:39:39'),
(1101, 81, 'th', 'ฟานเทียด', '2025-10-15 07:39:39', '2025-10-15 08:21:35'),
(1102, 82, 'th', 'ลาโหย่', '2025-10-15 07:39:39', '2025-10-15 08:21:35'),
(1103, 83, 'th', 'Kon Tum', '2025-10-15 07:39:39', '2025-10-15 07:39:39'),
(1104, 84, 'th', 'Ngọc Hồi', '2025-10-15 07:39:39', '2025-10-15 07:39:39'),
(1105, 85, 'th', 'Gia Lai', '2025-10-15 07:39:39', '2025-10-15 07:39:39'),
(1106, 86, 'th', 'เปลกู', '2025-10-15 07:39:39', '2025-10-15 08:21:35'),
(1107, 87, 'th', 'An Khê', '2025-10-15 07:39:39', '2025-10-15 07:39:39'),
(1108, 88, 'th', 'Đắk Lắk', '2025-10-15 07:39:39', '2025-10-15 07:39:39'),
(1109, 89, 'th', 'บวนมาถวต', '2025-10-15 07:39:39', '2025-10-15 08:21:35'),
(1110, 90, 'th', 'Buôn Hồ', '2025-10-15 07:39:39', '2025-10-15 07:39:39'),
(1111, 91, 'th', 'Đắk Nông', '2025-10-15 07:39:39', '2025-10-15 07:39:39'),
(1112, 92, 'th', 'Gia Nghĩa', '2025-10-15 07:39:39', '2025-10-15 07:39:39'),
(1113, 93, 'th', 'Kiến Đức', '2025-10-15 07:39:39', '2025-10-15 07:39:39'),
(1114, 94, 'th', 'Lâm Đồng', '2025-10-15 07:39:39', '2025-10-15 07:39:39'),
(1115, 95, 'th', 'Bảo Lộc', '2025-10-15 07:39:39', '2025-10-15 07:39:39'),
(1116, 96, 'th', 'โฮจิมินห์', '2025-10-15 07:39:39', '2025-10-15 08:21:35'),
(1117, 97, 'th', 'โฮจิมินห์', '2025-10-15 07:39:39', '2025-10-15 08:21:35'),
(1118, 98, 'th', 'Thủ Đức', '2025-10-15 07:39:39', '2025-10-15 07:39:39'),
(1119, 99, 'th', 'Bình Dương', '2025-10-15 07:39:39', '2025-10-15 07:39:39'),
(1120, 100, 'th', 'ถูเดามต', '2025-10-15 07:39:39', '2025-10-15 08:21:35'),
(1121, 101, 'th', 'Dĩ An', '2025-10-15 07:39:39', '2025-10-15 07:39:39'),
(1122, 102, 'th', 'Đồng Nai', '2025-10-15 07:39:39', '2025-10-15 07:39:39'),
(1123, 103, 'th', 'เบียนหัว', '2025-10-15 07:39:39', '2025-10-15 08:21:35'),
(1124, 104, 'th', 'Long Khánh', '2025-10-15 07:39:39', '2025-10-15 07:39:39'),
(1125, 105, 'th', 'Bà Rịa – Vũng Tàu', '2025-10-15 07:39:39', '2025-10-15 07:39:39'),
(1126, 106, 'th', 'หวุงเต่า', '2025-10-15 07:39:39', '2025-10-15 08:21:35'),
(1127, 107, 'th', 'Bà Rịa', '2025-10-15 07:39:39', '2025-10-15 07:39:39'),
(1128, 108, 'th', 'Tây Ninh', '2025-10-15 07:39:39', '2025-10-15 07:39:39');
INSERT INTO `city_i18n` (`id`, `city_id`, `lang_code`, `name`, `created_at`, `updated_at`) VALUES
(1129, 109, 'th', 'Hòa Thành', '2025-10-15 07:39:39', '2025-10-15 07:39:39'),
(1130, 110, 'th', 'Bình Phước', '2025-10-15 07:39:39', '2025-10-15 07:39:39'),
(1131, 111, 'th', 'Đồng Xoài', '2025-10-15 07:39:39', '2025-10-15 07:39:39'),
(1132, 112, 'th', 'Phước Long', '2025-10-15 07:39:39', '2025-10-15 07:39:39'),
(1133, 113, 'th', 'Long An', '2025-10-15 07:39:39', '2025-10-15 07:39:39'),
(1134, 114, 'th', 'Tân An', '2025-10-15 07:39:39', '2025-10-15 07:39:39'),
(1135, 115, 'th', 'Kiến Tường', '2025-10-15 07:39:39', '2025-10-15 07:39:39'),
(1136, 116, 'th', 'Tiền Giang', '2025-10-15 07:39:39', '2025-10-15 07:39:39'),
(1137, 117, 'th', 'Mỹ Tho', '2025-10-15 07:39:39', '2025-10-15 07:39:39'),
(1138, 118, 'th', 'Gò Công', '2025-10-15 07:39:39', '2025-10-15 07:39:39'),
(1139, 119, 'th', 'Bến Tre', '2025-10-15 07:39:39', '2025-10-15 07:39:39'),
(1140, 120, 'th', 'Ba Tri', '2025-10-15 07:39:39', '2025-10-15 07:39:39'),
(1141, 121, 'th', 'Trà Vinh', '2025-10-15 07:39:39', '2025-10-15 07:39:39'),
(1142, 122, 'th', 'Duyên Hải', '2025-10-15 07:39:39', '2025-10-15 07:39:39'),
(1143, 123, 'th', 'วินห์ลอง', '2025-10-15 07:39:39', '2025-10-15 08:21:35'),
(1144, 124, 'th', 'Bình Minh', '2025-10-15 07:39:39', '2025-10-15 07:39:39'),
(1145, 125, 'th', 'Đồng Tháp', '2025-10-15 07:39:39', '2025-10-15 07:39:39'),
(1146, 126, 'th', 'Cao Lãnh', '2025-10-15 07:39:39', '2025-10-15 07:39:39'),
(1147, 127, 'th', 'Sa Đéc', '2025-10-15 07:39:39', '2025-10-15 07:39:39'),
(1148, 128, 'th', 'An Giang', '2025-10-15 07:39:39', '2025-10-15 07:39:39'),
(1149, 129, 'th', 'ลองเซวียน', '2025-10-15 07:39:39', '2025-10-15 08:21:35'),
(1150, 130, 'th', 'เมืองจ่าวด็อก', '2025-10-15 07:39:39', '2025-10-15 08:21:35'),
(1151, 131, 'th', 'Kiên Giang', '2025-10-15 07:39:39', '2025-10-15 07:39:39'),
(1152, 132, 'th', 'ยาซาฟ', '2025-10-15 07:39:39', '2025-10-15 08:21:35'),
(1153, 133, 'th', 'ฮาติเอ็น', '2025-10-15 07:39:39', '2025-10-15 08:21:35'),
(1154, 134, 'th', 'Hậu Giang', '2025-10-15 07:39:39', '2025-10-15 07:39:39'),
(1155, 135, 'th', 'Vị Thanh', '2025-10-15 07:39:39', '2025-10-15 07:39:39'),
(1156, 136, 'th', 'Ngã Bảy', '2025-10-15 07:39:39', '2025-10-15 07:39:39'),
(1157, 137, 'th', 'ซอกจัง', '2025-10-15 07:39:39', '2025-10-15 08:21:35'),
(1158, 138, 'th', 'Vĩnh Châu', '2025-10-15 07:39:39', '2025-10-15 07:39:39'),
(1159, 139, 'th', 'บั๊กลืว', '2025-10-15 07:39:39', '2025-10-15 08:21:35'),
(1160, 140, 'th', 'Giá Rai', '2025-10-15 07:39:39', '2025-10-15 07:39:39'),
(1161, 141, 'th', 'กาเมา', '2025-10-15 07:39:39', '2025-10-15 08:21:35'),
(1162, 142, 'th', 'Sông Đốc', '2025-10-15 07:39:39', '2025-10-15 07:39:39'),
(1163, 143, 'th', 'เกิ่นเทอ', '2025-10-15 07:39:39', '2025-10-15 08:21:35'),
(1164, 144, 'th', 'Bình Thủy', '2025-10-15 07:39:39', '2025-10-15 07:39:39'),
(1276, 1, 'zh', '河内', '2025-10-15 07:39:39', '2025-10-15 08:22:10'),
(1277, 2, 'zh', '芽庄', '2025-10-15 07:39:39', '2025-10-15 08:22:10'),
(1278, 3, 'zh', '大叻', '2025-10-15 07:39:39', '2025-10-15 08:22:10'),
(1279, 4, 'zh', 'Sơn Tây', '2025-10-15 07:39:39', '2025-10-15 07:39:39'),
(1280, 5, 'zh', '海防', '2025-10-15 07:39:39', '2025-10-15 08:22:10'),
(1281, 6, 'zh', 'Đồ Sơn', '2025-10-15 07:39:39', '2025-10-15 07:39:39'),
(1282, 7, 'zh', 'Quảng Ninh', '2025-10-15 07:39:39', '2025-10-15 07:39:39'),
(1283, 8, 'zh', '下龙', '2025-10-15 07:39:39', '2025-10-15 08:22:10'),
(1284, 9, 'zh', 'Cẩm Phả', '2025-10-15 07:39:39', '2025-10-15 07:39:39'),
(1285, 10, 'zh', 'Hải Dương', '2025-10-15 07:39:39', '2025-10-15 07:39:39'),
(1286, 11, 'zh', 'Chí Linh', '2025-10-15 07:39:39', '2025-10-15 07:39:39'),
(1287, 12, 'zh', 'Hưng Yên', '2025-10-15 07:39:39', '2025-10-15 07:39:39'),
(1288, 13, 'zh', 'Mỹ Hào', '2025-10-15 07:39:39', '2025-10-15 07:39:39'),
(1289, 14, 'zh', 'Bắc Ninh', '2025-10-15 07:39:39', '2025-10-15 07:39:39'),
(1290, 15, 'zh', 'Từ Sơn', '2025-10-15 07:39:39', '2025-10-15 07:39:39'),
(1291, 16, 'zh', 'Thái Nguyên', '2025-10-15 07:39:39', '2025-10-15 07:39:39'),
(1292, 17, 'zh', 'Sông Công', '2025-10-15 07:39:39', '2025-10-15 07:39:39'),
(1293, 18, 'zh', 'Phú Thọ', '2025-10-15 07:39:39', '2025-10-15 07:39:39'),
(1294, 19, 'zh', 'Việt Trì', '2025-10-15 07:39:39', '2025-10-15 07:39:39'),
(1295, 20, 'zh', 'Vĩnh Phúc', '2025-10-15 07:39:39', '2025-10-15 07:39:39'),
(1296, 21, 'zh', 'Vĩnh Yên', '2025-10-15 07:39:39', '2025-10-15 07:39:39'),
(1297, 22, 'zh', 'Phúc Yên', '2025-10-15 07:39:39', '2025-10-15 07:39:39'),
(1298, 23, 'zh', 'Bắc Giang', '2025-10-15 07:39:39', '2025-10-15 07:39:39'),
(1299, 24, 'zh', 'Hiệp Hòa', '2025-10-15 07:39:39', '2025-10-15 07:39:39'),
(1300, 25, 'zh', 'Lạng Sơn', '2025-10-15 07:39:39', '2025-10-15 07:39:39'),
(1301, 26, 'zh', 'Đồng Đăng', '2025-10-15 07:39:39', '2025-10-15 07:39:39'),
(1302, 27, 'zh', 'Cao Bằng', '2025-10-15 07:39:39', '2025-10-15 07:39:39'),
(1303, 28, 'zh', 'Tà Lùng', '2025-10-15 07:39:39', '2025-10-15 07:39:39'),
(1304, 29, 'zh', 'Hà Giang', '2025-10-15 07:39:39', '2025-10-15 07:39:39'),
(1305, 30, 'zh', 'Đồng Văn', '2025-10-15 07:39:39', '2025-10-15 07:39:39'),
(1306, 31, 'zh', 'Tuyên Quang', '2025-10-15 07:39:39', '2025-10-15 07:39:39'),
(1307, 32, 'zh', 'Na Hang', '2025-10-15 07:39:39', '2025-10-15 07:39:39'),
(1308, 33, 'zh', 'Yên Bái', '2025-10-15 07:39:39', '2025-10-15 07:39:39'),
(1309, 34, 'zh', 'Nghĩa Lộ', '2025-10-15 07:39:39', '2025-10-15 07:39:39'),
(1310, 35, 'zh', 'Lào Cai', '2025-10-15 07:39:39', '2025-10-15 07:39:39'),
(1311, 36, 'zh', '沙巴', '2025-10-15 07:39:39', '2025-10-15 08:22:10'),
(1312, 37, 'zh', 'Điện Biên', '2025-10-15 07:39:39', '2025-10-15 07:39:39'),
(1313, 38, 'zh', 'Điện Biên Phủ', '2025-10-15 07:39:39', '2025-10-15 07:39:39'),
(1314, 39, 'zh', 'Mường Lay', '2025-10-15 07:39:39', '2025-10-15 07:39:39'),
(1315, 40, 'zh', 'Lai Châu', '2025-10-15 07:39:39', '2025-10-15 07:39:39'),
(1316, 41, 'zh', 'Phong Thổ', '2025-10-15 07:39:39', '2025-10-15 07:39:39'),
(1317, 42, 'zh', 'Sơn La', '2025-10-15 07:39:39', '2025-10-15 07:39:39'),
(1318, 43, 'zh', 'Mộc Châu', '2025-10-15 07:39:39', '2025-10-15 07:39:39'),
(1319, 44, 'zh', 'Hòa Bình', '2025-10-15 07:39:39', '2025-10-15 07:39:39'),
(1320, 45, 'zh', 'Lương Sơn', '2025-10-15 07:39:39', '2025-10-15 07:39:39'),
(1321, 46, 'zh', 'Bắc Kạn', '2025-10-15 07:39:39', '2025-10-15 07:39:39'),
(1322, 47, 'zh', 'Chợ Mới', '2025-10-15 07:39:39', '2025-10-15 07:39:39'),
(1323, 48, 'zh', 'Thanh Hóa', '2025-10-15 07:39:39', '2025-10-15 07:39:39'),
(1324, 49, 'zh', 'Sầm Sơn', '2025-10-15 07:39:39', '2025-10-15 07:39:39'),
(1325, 50, 'zh', 'Nghệ An', '2025-10-15 07:39:39', '2025-10-15 07:39:39'),
(1326, 51, 'zh', '荣市', '2025-10-15 07:39:39', '2025-10-15 08:22:10'),
(1327, 52, 'zh', 'Thái Hòa', '2025-10-15 07:39:39', '2025-10-15 07:39:39'),
(1328, 53, 'zh', 'Hà Tĩnh', '2025-10-15 07:39:39', '2025-10-15 07:39:39'),
(1329, 54, 'zh', 'Hồng Lĩnh', '2025-10-15 07:39:39', '2025-10-15 07:39:39'),
(1330, 55, 'zh', 'Quảng Bình', '2025-10-15 07:39:39', '2025-10-15 07:39:39'),
(1331, 56, 'zh', 'Đồng Hới', '2025-10-15 07:39:39', '2025-10-15 07:39:39'),
(1332, 57, 'zh', 'Ba Đồn', '2025-10-15 07:39:39', '2025-10-15 07:39:39'),
(1333, 58, 'zh', 'Quảng Trị', '2025-10-15 07:39:39', '2025-10-15 07:39:39'),
(1334, 59, 'zh', 'Đông Hà', '2025-10-15 07:39:39', '2025-10-15 07:39:39'),
(1335, 60, 'zh', 'Thừa Thiên Huế', '2025-10-15 07:39:39', '2025-10-15 07:39:39'),
(1336, 61, 'zh', '顺化', '2025-10-15 07:39:39', '2025-10-15 08:22:10'),
(1337, 62, 'zh', 'Hương Thủy', '2025-10-15 07:39:39', '2025-10-15 07:39:39'),
(1338, 63, 'zh', '岘港', '2025-10-15 07:39:39', '2025-10-15 08:22:10'),
(1339, 64, 'zh', 'Quảng Nam', '2025-10-15 07:39:39', '2025-10-15 07:39:39'),
(1340, 65, 'zh', '三岐', '2025-10-15 07:39:39', '2025-10-15 08:22:10'),
(1341, 66, 'zh', '会安', '2025-10-15 07:39:39', '2025-10-15 08:22:10'),
(1342, 67, 'zh', 'Quảng Ngãi', '2025-10-15 07:39:39', '2025-10-15 07:39:39'),
(1343, 68, 'zh', 'Đức Phổ', '2025-10-15 07:39:39', '2025-10-15 07:39:39'),
(1344, 69, 'zh', 'Bình Định', '2025-10-15 07:39:39', '2025-10-15 07:39:39'),
(1345, 70, 'zh', '归仁', '2025-10-15 07:39:39', '2025-10-15 08:22:10'),
(1346, 71, 'zh', 'An Nhơn', '2025-10-15 07:39:39', '2025-10-15 07:39:39'),
(1347, 72, 'zh', 'Phú Yên', '2025-10-15 07:39:39', '2025-10-15 07:39:39'),
(1348, 73, 'zh', 'Tuy Hòa', '2025-10-15 07:39:39', '2025-10-15 07:39:39'),
(1349, 74, 'zh', 'Sông Cầu', '2025-10-15 07:39:39', '2025-10-15 07:39:39'),
(1350, 75, 'zh', 'Khánh Hòa', '2025-10-15 07:39:39', '2025-10-15 07:39:39'),
(1351, 76, 'zh', '金兰', '2025-10-15 07:39:39', '2025-10-15 08:22:10'),
(1352, 77, 'zh', 'Ninh Thuận', '2025-10-15 07:39:39', '2025-10-15 07:39:39'),
(1353, 78, 'zh', '藩朗-塔占', '2025-10-15 07:39:39', '2025-10-15 08:22:10'),
(1354, 79, 'zh', 'Ninh Sơn', '2025-10-15 07:39:39', '2025-10-15 07:39:39'),
(1355, 80, 'zh', 'Bình Thuận', '2025-10-15 07:39:39', '2025-10-15 07:39:39'),
(1356, 81, 'zh', '藩切', '2025-10-15 07:39:39', '2025-10-15 08:22:10'),
(1357, 82, 'zh', '拉義', '2025-10-15 07:39:39', '2025-10-15 08:22:10'),
(1358, 83, 'zh', 'Kon Tum', '2025-10-15 07:39:39', '2025-10-15 07:39:39'),
(1359, 84, 'zh', 'Ngọc Hồi', '2025-10-15 07:39:39', '2025-10-15 07:39:39'),
(1360, 85, 'zh', 'Gia Lai', '2025-10-15 07:39:39', '2025-10-15 07:39:39'),
(1361, 86, 'zh', '波来古', '2025-10-15 07:39:39', '2025-10-15 08:22:10'),
(1362, 87, 'zh', 'An Khê', '2025-10-15 07:39:39', '2025-10-15 07:39:39'),
(1363, 88, 'zh', 'Đắk Lắk', '2025-10-15 07:39:39', '2025-10-15 07:39:39'),
(1364, 89, 'zh', '邦美蜀', '2025-10-15 07:39:39', '2025-10-15 08:22:10'),
(1365, 90, 'zh', 'Buôn Hồ', '2025-10-15 07:39:39', '2025-10-15 07:39:39'),
(1366, 91, 'zh', 'Đắk Nông', '2025-10-15 07:39:39', '2025-10-15 07:39:39'),
(1367, 92, 'zh', 'Gia Nghĩa', '2025-10-15 07:39:39', '2025-10-15 07:39:39'),
(1368, 93, 'zh', 'Kiến Đức', '2025-10-15 07:39:39', '2025-10-15 07:39:39'),
(1369, 94, 'zh', 'Lâm Đồng', '2025-10-15 07:39:39', '2025-10-15 07:39:39'),
(1370, 95, 'zh', 'Bảo Lộc', '2025-10-15 07:39:39', '2025-10-15 07:39:39'),
(1371, 96, 'zh', '胡志明市', '2025-10-15 07:39:39', '2025-10-15 08:22:10'),
(1372, 97, 'zh', '胡志明市', '2025-10-15 07:39:39', '2025-10-15 08:22:10'),
(1373, 98, 'zh', 'Thủ Đức', '2025-10-15 07:39:39', '2025-10-15 07:39:39'),
(1374, 99, 'zh', 'Bình Dương', '2025-10-15 07:39:39', '2025-10-15 07:39:39'),
(1375, 100, 'zh', '守德一', '2025-10-15 07:39:39', '2025-10-15 08:22:10'),
(1376, 101, 'zh', 'Dĩ An', '2025-10-15 07:39:39', '2025-10-15 07:39:39'),
(1377, 102, 'zh', 'Đồng Nai', '2025-10-15 07:39:39', '2025-10-15 07:39:39'),
(1378, 103, 'zh', '边和', '2025-10-15 07:39:39', '2025-10-15 08:22:10'),
(1379, 104, 'zh', 'Long Khánh', '2025-10-15 07:39:39', '2025-10-15 07:39:39'),
(1380, 105, 'zh', 'Bà Rịa – Vũng Tàu', '2025-10-15 07:39:39', '2025-10-15 07:39:39'),
(1381, 106, 'zh', '头顿', '2025-10-15 07:39:39', '2025-10-15 08:22:10'),
(1382, 107, 'zh', 'Bà Rịa', '2025-10-15 07:39:39', '2025-10-15 07:39:39'),
(1383, 108, 'zh', 'Tây Ninh', '2025-10-15 07:39:39', '2025-10-15 07:39:39'),
(1384, 109, 'zh', 'Hòa Thành', '2025-10-15 07:39:39', '2025-10-15 07:39:39'),
(1385, 110, 'zh', 'Bình Phước', '2025-10-15 07:39:39', '2025-10-15 07:39:39'),
(1386, 111, 'zh', 'Đồng Xoài', '2025-10-15 07:39:39', '2025-10-15 07:39:39'),
(1387, 112, 'zh', 'Phước Long', '2025-10-15 07:39:39', '2025-10-15 07:39:39'),
(1388, 113, 'zh', 'Long An', '2025-10-15 07:39:39', '2025-10-15 07:39:39'),
(1389, 114, 'zh', 'Tân An', '2025-10-15 07:39:39', '2025-10-15 07:39:39'),
(1390, 115, 'zh', 'Kiến Tường', '2025-10-15 07:39:39', '2025-10-15 07:39:39'),
(1391, 116, 'zh', 'Tiền Giang', '2025-10-15 07:39:39', '2025-10-15 07:39:39'),
(1392, 117, 'zh', 'Mỹ Tho', '2025-10-15 07:39:39', '2025-10-15 07:39:39'),
(1393, 118, 'zh', 'Gò Công', '2025-10-15 07:39:39', '2025-10-15 07:39:39'),
(1394, 119, 'zh', 'Bến Tre', '2025-10-15 07:39:39', '2025-10-15 07:39:39'),
(1395, 120, 'zh', 'Ba Tri', '2025-10-15 07:39:39', '2025-10-15 07:39:39'),
(1396, 121, 'zh', 'Trà Vinh', '2025-10-15 07:39:39', '2025-10-15 07:39:39'),
(1397, 122, 'zh', 'Duyên Hải', '2025-10-15 07:39:39', '2025-10-15 07:39:39'),
(1398, 123, 'zh', '永隆', '2025-10-15 07:39:39', '2025-10-15 08:22:10'),
(1399, 124, 'zh', 'Bình Minh', '2025-10-15 07:39:39', '2025-10-15 07:39:39'),
(1400, 125, 'zh', 'Đồng Tháp', '2025-10-15 07:39:39', '2025-10-15 07:39:39'),
(1401, 126, 'zh', 'Cao Lãnh', '2025-10-15 07:39:39', '2025-10-15 07:39:39'),
(1402, 127, 'zh', 'Sa Đéc', '2025-10-15 07:39:39', '2025-10-15 07:39:39'),
(1403, 128, 'zh', 'An Giang', '2025-10-15 07:39:39', '2025-10-15 07:39:39'),
(1404, 129, 'zh', '龙川', '2025-10-15 07:39:39', '2025-10-15 08:22:10'),
(1405, 130, 'zh', '朱篤', '2025-10-15 07:39:39', '2025-10-15 08:22:10'),
(1406, 131, 'zh', 'Kiên Giang', '2025-10-15 07:39:39', '2025-10-15 07:39:39'),
(1407, 132, 'zh', '勒芝', '2025-10-15 07:39:39', '2025-10-15 08:22:10'),
(1408, 133, 'zh', '河僊', '2025-10-15 07:39:39', '2025-10-15 08:22:10'),
(1409, 134, 'zh', 'Hậu Giang', '2025-10-15 07:39:39', '2025-10-15 07:39:39'),
(1410, 135, 'zh', 'Vị Thanh', '2025-10-15 07:39:39', '2025-10-15 07:39:39'),
(1411, 136, 'zh', 'Ngã Bảy', '2025-10-15 07:39:39', '2025-10-15 07:39:39'),
(1412, 137, 'zh', '朔庄', '2025-10-15 07:39:39', '2025-10-15 08:22:10'),
(1413, 138, 'zh', 'Vĩnh Châu', '2025-10-15 07:39:39', '2025-10-15 07:39:39'),
(1414, 139, 'zh', '薄寮', '2025-10-15 07:39:39', '2025-10-15 08:22:10'),
(1415, 140, 'zh', 'Giá Rai', '2025-10-15 07:39:39', '2025-10-15 07:39:39'),
(1416, 141, 'zh', '金瓯', '2025-10-15 07:39:39', '2025-10-15 08:22:10'),
(1417, 142, 'zh', 'Sông Đốc', '2025-10-15 07:39:39', '2025-10-15 07:39:39'),
(1418, 143, 'zh', '芹苴', '2025-10-15 07:39:39', '2025-10-15 08:22:10'),
(1419, 144, 'zh', 'Bình Thủy', '2025-10-15 07:39:39', '2025-10-15 07:39:39'),
(1531, 1, 'ru', 'Ханой', '2025-10-15 07:39:39', '2025-10-15 08:22:25'),
(1532, 2, 'ru', 'Нячанг', '2025-10-15 07:39:39', '2025-10-15 08:22:25'),
(1533, 3, 'ru', 'Далат', '2025-10-15 07:39:39', '2025-10-15 08:22:25'),
(1534, 4, 'ru', 'Sơn Tây', '2025-10-15 07:39:39', '2025-10-15 07:39:39'),
(1535, 5, 'ru', 'Хайфон', '2025-10-15 07:39:39', '2025-10-15 08:22:25'),
(1536, 6, 'ru', 'Đồ Sơn', '2025-10-15 07:39:39', '2025-10-15 07:39:39'),
(1537, 7, 'ru', 'Quảng Ninh', '2025-10-15 07:39:39', '2025-10-15 07:39:39'),
(1538, 8, 'ru', 'Халонг', '2025-10-15 07:39:39', '2025-10-15 08:22:25'),
(1539, 9, 'ru', 'Cẩm Phả', '2025-10-15 07:39:39', '2025-10-15 07:39:39'),
(1540, 10, 'ru', 'Hải Dương', '2025-10-15 07:39:39', '2025-10-15 07:39:39'),
(1541, 11, 'ru', 'Chí Linh', '2025-10-15 07:39:39', '2025-10-15 07:39:39'),
(1542, 12, 'ru', 'Hưng Yên', '2025-10-15 07:39:39', '2025-10-15 07:39:39'),
(1543, 13, 'ru', 'Mỹ Hào', '2025-10-15 07:39:39', '2025-10-15 07:39:39'),
(1544, 14, 'ru', 'Bắc Ninh', '2025-10-15 07:39:39', '2025-10-15 07:39:39'),
(1545, 15, 'ru', 'Từ Sơn', '2025-10-15 07:39:39', '2025-10-15 07:39:39'),
(1546, 16, 'ru', 'Thái Nguyên', '2025-10-15 07:39:39', '2025-10-15 07:39:39'),
(1547, 17, 'ru', 'Sông Công', '2025-10-15 07:39:39', '2025-10-15 07:39:39'),
(1548, 18, 'ru', 'Phú Thọ', '2025-10-15 07:39:39', '2025-10-15 07:39:39'),
(1549, 19, 'ru', 'Việt Trì', '2025-10-15 07:39:39', '2025-10-15 07:39:39'),
(1550, 20, 'ru', 'Vĩnh Phúc', '2025-10-15 07:39:39', '2025-10-15 07:39:39'),
(1551, 21, 'ru', 'Vĩnh Yên', '2025-10-15 07:39:39', '2025-10-15 07:39:39'),
(1552, 22, 'ru', 'Phúc Yên', '2025-10-15 07:39:39', '2025-10-15 07:39:39'),
(1553, 23, 'ru', 'Bắc Giang', '2025-10-15 07:39:39', '2025-10-15 07:39:39'),
(1554, 24, 'ru', 'Hiệp Hòa', '2025-10-15 07:39:39', '2025-10-15 07:39:39'),
(1555, 25, 'ru', 'Lạng Sơn', '2025-10-15 07:39:39', '2025-10-15 07:39:39'),
(1556, 26, 'ru', 'Đồng Đăng', '2025-10-15 07:39:39', '2025-10-15 07:39:39'),
(1557, 27, 'ru', 'Cao Bằng', '2025-10-15 07:39:39', '2025-10-15 07:39:39'),
(1558, 28, 'ru', 'Tà Lùng', '2025-10-15 07:39:39', '2025-10-15 07:39:39'),
(1559, 29, 'ru', 'Hà Giang', '2025-10-15 07:39:39', '2025-10-15 07:39:39'),
(1560, 30, 'ru', 'Đồng Văn', '2025-10-15 07:39:39', '2025-10-15 07:39:39'),
(1561, 31, 'ru', 'Tuyên Quang', '2025-10-15 07:39:39', '2025-10-15 07:39:39'),
(1562, 32, 'ru', 'Na Hang', '2025-10-15 07:39:39', '2025-10-15 07:39:39'),
(1563, 33, 'ru', 'Yên Bái', '2025-10-15 07:39:39', '2025-10-15 07:39:39'),
(1564, 34, 'ru', 'Nghĩa Lộ', '2025-10-15 07:39:39', '2025-10-15 07:39:39'),
(1565, 35, 'ru', 'Lào Cai', '2025-10-15 07:39:39', '2025-10-15 07:39:39'),
(1566, 36, 'ru', 'Сапа', '2025-10-15 07:39:39', '2025-10-15 08:22:25'),
(1567, 37, 'ru', 'Điện Biên', '2025-10-15 07:39:39', '2025-10-15 07:39:39'),
(1568, 38, 'ru', 'Điện Biên Phủ', '2025-10-15 07:39:39', '2025-10-15 07:39:39'),
(1569, 39, 'ru', 'Mường Lay', '2025-10-15 07:39:39', '2025-10-15 07:39:39'),
(1570, 40, 'ru', 'Lai Châu', '2025-10-15 07:39:39', '2025-10-15 07:39:39'),
(1571, 41, 'ru', 'Phong Thổ', '2025-10-15 07:39:39', '2025-10-15 07:39:39'),
(1572, 42, 'ru', 'Sơn La', '2025-10-15 07:39:39', '2025-10-15 07:39:39'),
(1573, 43, 'ru', 'Mộc Châu', '2025-10-15 07:39:39', '2025-10-15 07:39:39'),
(1574, 44, 'ru', 'Hòa Bình', '2025-10-15 07:39:39', '2025-10-15 07:39:39'),
(1575, 45, 'ru', 'Lương Sơn', '2025-10-15 07:39:39', '2025-10-15 07:39:39'),
(1576, 46, 'ru', 'Bắc Kạn', '2025-10-15 07:39:39', '2025-10-15 07:39:39'),
(1577, 47, 'ru', 'Chợ Mới', '2025-10-15 07:39:39', '2025-10-15 07:39:39'),
(1578, 48, 'ru', 'Thanh Hóa', '2025-10-15 07:39:39', '2025-10-15 07:39:39'),
(1579, 49, 'ru', 'Sầm Sơn', '2025-10-15 07:39:39', '2025-10-15 07:39:39'),
(1580, 50, 'ru', 'Nghệ An', '2025-10-15 07:39:39', '2025-10-15 07:39:39'),
(1581, 51, 'ru', 'Винь', '2025-10-15 07:39:39', '2025-10-15 08:22:25'),
(1582, 52, 'ru', 'Thái Hòa', '2025-10-15 07:39:39', '2025-10-15 07:39:39'),
(1583, 53, 'ru', 'Hà Tĩnh', '2025-10-15 07:39:39', '2025-10-15 07:39:39'),
(1584, 54, 'ru', 'Hồng Lĩnh', '2025-10-15 07:39:39', '2025-10-15 07:39:39'),
(1585, 55, 'ru', 'Quảng Bình', '2025-10-15 07:39:39', '2025-10-15 07:39:39'),
(1586, 56, 'ru', 'Đồng Hới', '2025-10-15 07:39:39', '2025-10-15 07:39:39'),
(1587, 57, 'ru', 'Ba Đồn', '2025-10-15 07:39:39', '2025-10-15 07:39:39'),
(1588, 58, 'ru', 'Quảng Trị', '2025-10-15 07:39:39', '2025-10-15 07:39:39'),
(1589, 59, 'ru', 'Đông Hà', '2025-10-15 07:39:39', '2025-10-15 07:39:39'),
(1590, 60, 'ru', 'Thừa Thiên Huế', '2025-10-15 07:39:39', '2025-10-15 07:39:39'),
(1591, 61, 'ru', 'Хюэ', '2025-10-15 07:39:39', '2025-10-15 08:22:25'),
(1592, 62, 'ru', 'Hương Thủy', '2025-10-15 07:39:39', '2025-10-15 07:39:39'),
(1593, 63, 'ru', 'Дананг', '2025-10-15 07:39:39', '2025-10-15 08:22:25'),
(1594, 64, 'ru', 'Quảng Nam', '2025-10-15 07:39:39', '2025-10-15 07:39:39'),
(1595, 65, 'ru', 'Тамкы', '2025-10-15 07:39:39', '2025-10-15 08:22:25'),
(1596, 66, 'ru', 'Хойан', '2025-10-15 07:39:39', '2025-10-15 08:22:25'),
(1597, 67, 'ru', 'Quảng Ngãi', '2025-10-15 07:39:39', '2025-10-15 07:39:39'),
(1598, 68, 'ru', 'Đức Phổ', '2025-10-15 07:39:39', '2025-10-15 07:39:39'),
(1599, 69, 'ru', 'Bình Định', '2025-10-15 07:39:39', '2025-10-15 07:39:39'),
(1600, 70, 'ru', 'Куйнон', '2025-10-15 07:39:39', '2025-10-15 08:22:25'),
(1601, 71, 'ru', 'An Nhơn', '2025-10-15 07:39:39', '2025-10-15 07:39:39'),
(1602, 72, 'ru', 'Phú Yên', '2025-10-15 07:39:39', '2025-10-15 07:39:39'),
(1603, 73, 'ru', 'Tuy Hòa', '2025-10-15 07:39:39', '2025-10-15 07:39:39'),
(1604, 74, 'ru', 'Sông Cầu', '2025-10-15 07:39:39', '2025-10-15 07:39:39'),
(1605, 75, 'ru', 'Khánh Hòa', '2025-10-15 07:39:39', '2025-10-15 07:39:39'),
(1606, 76, 'ru', 'Камрань', '2025-10-15 07:39:39', '2025-10-15 08:22:25'),
(1607, 77, 'ru', 'Ninh Thuận', '2025-10-15 07:39:39', '2025-10-15 07:39:39'),
(1608, 78, 'ru', 'Фанранг-Тхаптям', '2025-10-15 07:39:39', '2025-10-15 08:22:25'),
(1609, 79, 'ru', 'Ninh Sơn', '2025-10-15 07:39:39', '2025-10-15 07:39:39'),
(1610, 80, 'ru', 'Bình Thuận', '2025-10-15 07:39:39', '2025-10-15 07:39:39'),
(1611, 81, 'ru', 'Фантьет', '2025-10-15 07:39:39', '2025-10-15 08:22:25'),
(1612, 82, 'ru', 'Ла Мы', '2025-10-15 07:39:39', '2025-10-15 08:22:25'),
(1613, 83, 'ru', 'Kon Tum', '2025-10-15 07:39:39', '2025-10-15 07:39:39'),
(1614, 84, 'ru', 'Ngọc Hồi', '2025-10-15 07:39:39', '2025-10-15 07:39:39'),
(1615, 85, 'ru', 'Gia Lai', '2025-10-15 07:39:39', '2025-10-15 07:39:39'),
(1616, 86, 'ru', 'Плейку', '2025-10-15 07:39:39', '2025-10-15 08:22:25'),
(1617, 87, 'ru', 'An Khê', '2025-10-15 07:39:39', '2025-10-15 07:39:39'),
(1618, 88, 'ru', 'Đắk Lắk', '2025-10-15 07:39:39', '2025-10-15 07:39:39'),
(1619, 89, 'ru', 'Буонмахуот', '2025-10-15 07:39:39', '2025-10-15 08:22:25'),
(1620, 90, 'ru', 'Buôn Hồ', '2025-10-15 07:39:39', '2025-10-15 07:39:39'),
(1621, 91, 'ru', 'Đắk Nông', '2025-10-15 07:39:39', '2025-10-15 07:39:39'),
(1622, 92, 'ru', 'Gia Nghĩa', '2025-10-15 07:39:39', '2025-10-15 07:39:39'),
(1623, 93, 'ru', 'Kiến Đức', '2025-10-15 07:39:39', '2025-10-15 07:39:39'),
(1624, 94, 'ru', 'Lâm Đồng', '2025-10-15 07:39:39', '2025-10-15 07:39:39'),
(1625, 95, 'ru', 'Bảo Lộc', '2025-10-15 07:39:39', '2025-10-15 07:39:39'),
(1626, 96, 'ru', 'Хошимин', '2025-10-15 07:39:39', '2025-10-15 08:22:25'),
(1627, 97, 'ru', 'Хошимин', '2025-10-15 07:39:39', '2025-10-15 08:22:25'),
(1628, 98, 'ru', 'Thủ Đức', '2025-10-15 07:39:39', '2025-10-15 07:39:39'),
(1629, 99, 'ru', 'Bình Dương', '2025-10-15 07:39:39', '2025-10-15 07:39:39'),
(1630, 100, 'ru', 'Ту-Дау-Мот', '2025-10-15 07:39:39', '2025-10-15 08:22:25'),
(1631, 101, 'ru', 'Dĩ An', '2025-10-15 07:39:39', '2025-10-15 07:39:39'),
(1632, 102, 'ru', 'Đồng Nai', '2025-10-15 07:39:39', '2025-10-15 07:39:39'),
(1633, 103, 'ru', 'Бьенхоа', '2025-10-15 07:39:39', '2025-10-15 08:22:25'),
(1634, 104, 'ru', 'Long Khánh', '2025-10-15 07:39:39', '2025-10-15 07:39:39'),
(1635, 105, 'ru', 'Bà Rịa – Vũng Tàu', '2025-10-15 07:39:39', '2025-10-15 07:39:39'),
(1636, 106, 'ru', 'Вунгтау', '2025-10-15 07:39:39', '2025-10-15 08:22:25'),
(1637, 107, 'ru', 'Bà Rịa', '2025-10-15 07:39:39', '2025-10-15 07:39:39'),
(1638, 108, 'ru', 'Tây Ninh', '2025-10-15 07:39:39', '2025-10-15 07:39:39'),
(1639, 109, 'ru', 'Hòa Thành', '2025-10-15 07:39:39', '2025-10-15 07:39:39'),
(1640, 110, 'ru', 'Bình Phước', '2025-10-15 07:39:39', '2025-10-15 07:39:39'),
(1641, 111, 'ru', 'Đồng Xoài', '2025-10-15 07:39:39', '2025-10-15 07:39:39'),
(1642, 112, 'ru', 'Phước Long', '2025-10-15 07:39:39', '2025-10-15 07:39:39'),
(1643, 113, 'ru', 'Long An', '2025-10-15 07:39:39', '2025-10-15 07:39:39'),
(1644, 114, 'ru', 'Tân An', '2025-10-15 07:39:39', '2025-10-15 07:39:39'),
(1645, 115, 'ru', 'Kiến Tường', '2025-10-15 07:39:39', '2025-10-15 07:39:39'),
(1646, 116, 'ru', 'Tiền Giang', '2025-10-15 07:39:39', '2025-10-15 07:39:39'),
(1647, 117, 'ru', 'Mỹ Tho', '2025-10-15 07:39:39', '2025-10-15 07:39:39'),
(1648, 118, 'ru', 'Gò Công', '2025-10-15 07:39:39', '2025-10-15 07:39:39'),
(1649, 119, 'ru', 'Bến Tre', '2025-10-15 07:39:39', '2025-10-15 07:39:39'),
(1650, 120, 'ru', 'Ba Tri', '2025-10-15 07:39:39', '2025-10-15 07:39:39'),
(1651, 121, 'ru', 'Trà Vinh', '2025-10-15 07:39:39', '2025-10-15 07:39:39'),
(1652, 122, 'ru', 'Duyên Hải', '2025-10-15 07:39:39', '2025-10-15 07:39:39'),
(1653, 123, 'ru', 'Виньлонг', '2025-10-15 07:39:39', '2025-10-15 08:22:25'),
(1654, 124, 'ru', 'Bình Minh', '2025-10-15 07:39:39', '2025-10-15 07:39:39'),
(1655, 125, 'ru', 'Đồng Tháp', '2025-10-15 07:39:39', '2025-10-15 07:39:39'),
(1656, 126, 'ru', 'Cao Lãnh', '2025-10-15 07:39:39', '2025-10-15 07:39:39'),
(1657, 127, 'ru', 'Sa Đéc', '2025-10-15 07:39:39', '2025-10-15 07:39:39'),
(1658, 128, 'ru', 'An Giang', '2025-10-15 07:39:39', '2025-10-15 07:39:39'),
(1659, 129, 'ru', 'Лонгсуен', '2025-10-15 07:39:39', '2025-10-15 08:22:25'),
(1660, 130, 'ru', 'Чаудок', '2025-10-15 07:39:39', '2025-10-15 08:22:25'),
(1661, 131, 'ru', 'Kiên Giang', '2025-10-15 07:39:39', '2025-10-15 07:39:39'),
(1662, 132, 'ru', 'Затья', '2025-10-15 07:39:39', '2025-10-15 08:22:25'),
(1663, 133, 'ru', 'Хатьен', '2025-10-15 07:39:39', '2025-10-15 08:22:25'),
(1664, 134, 'ru', 'Hậu Giang', '2025-10-15 07:39:39', '2025-10-15 07:39:39'),
(1665, 135, 'ru', 'Vị Thanh', '2025-10-15 07:39:39', '2025-10-15 07:39:39'),
(1666, 136, 'ru', 'Ngã Bảy', '2025-10-15 07:39:39', '2025-10-15 07:39:39'),
(1667, 137, 'ru', 'Шокчанг', '2025-10-15 07:39:39', '2025-10-15 08:22:25'),
(1668, 138, 'ru', 'Vĩnh Châu', '2025-10-15 07:39:39', '2025-10-15 07:39:39'),
(1669, 139, 'ru', 'Бакльеу', '2025-10-15 07:39:39', '2025-10-15 08:22:25'),
(1670, 140, 'ru', 'Giá Rai', '2025-10-15 07:39:39', '2025-10-15 07:39:39'),
(1671, 141, 'ru', 'Ка-Мау', '2025-10-15 07:39:39', '2025-10-15 08:22:25'),
(1672, 142, 'ru', 'Sông Đốc', '2025-10-15 07:39:39', '2025-10-15 07:39:39'),
(1673, 143, 'ru', 'Кантхо', '2025-10-15 07:39:39', '2025-10-15 08:22:25'),
(1674, 144, 'ru', 'Bình Thủy', '2025-10-15 07:39:39', '2025-10-15 07:39:39');

-- --------------------------------------------------------

--
-- Table structure for table `city_services`
--

CREATE TABLE `city_services` (
  `id` bigint(20) UNSIGNED NOT NULL,
  `city_id` bigint(20) UNSIGNED NOT NULL,
  `service_id` bigint(20) UNSIGNED NOT NULL,
  `price` int(10) UNSIGNED DEFAULT '0',
  `order_no` int(11) NOT NULL DEFAULT '100',
  `active` tinyint(1) NOT NULL DEFAULT '1'
) ENGINE=InnoDB DEFAULT CHARSET=utf8mb4 COLLATE=utf8mb4_unicode_ci;

--
-- Dumping data for table `city_services`
--

INSERT INTO `city_services` (`id`, `city_id`, `service_id`, `price`, `order_no`, `active`) VALUES
(1, 1, 1, 300000, 100, 1),
(2, 2, 1, 300000, 100, 1),
(3, 3, 1, 300000, 100, 1),
(4, 4, 1, 300000, 100, 1),
(5, 5, 1, 300000, 100, 1),
(6, 6, 1, 300000, 100, 1),
(7, 7, 1, 300000, 100, 1),
(8, 8, 1, 300000, 100, 1),
(9, 9, 1, 300000, 100, 1),
(10, 10, 1, 300000, 100, 1),
(11, 11, 1, 300000, 100, 1),
(12, 12, 1, 300000, 100, 1),
(13, 13, 1, 300000, 100, 1),
(14, 14, 1, 300000, 100, 1),
(15, 15, 1, 300000, 100, 1),
(16, 16, 1, 300000, 100, 1),
(17, 17, 1, 300000, 100, 1),
(18, 18, 1, 300000, 100, 1),
(19, 19, 1, 300000, 100, 1),
(20, 20, 1, 300000, 100, 1),
(21, 21, 1, 300000, 100, 1),
(22, 22, 1, 300000, 100, 1),
(23, 23, 1, 300000, 100, 1),
(24, 24, 1, 300000, 100, 1),
(25, 25, 1, 300000, 100, 1),
(26, 26, 1, 300000, 100, 1),
(27, 27, 1, 300000, 100, 1),
(28, 28, 1, 300000, 100, 1),
(29, 29, 1, 300000, 100, 1),
(30, 30, 1, 300000, 100, 1),
(31, 31, 1, 300000, 100, 1),
(32, 32, 1, 300000, 100, 1),
(33, 33, 1, 300000, 100, 1),
(34, 34, 1, 300000, 100, 1),
(35, 35, 1, 300000, 100, 1),
(36, 36, 1, 300000, 100, 1),
(37, 37, 1, 300000, 100, 1),
(38, 38, 1, 300000, 100, 1),
(39, 39, 1, 300000, 100, 1),
(40, 40, 1, 300000, 100, 1),
(41, 41, 1, 300000, 100, 1),
(42, 42, 1, 300000, 100, 1),
(43, 43, 1, 300000, 100, 1),
(44, 44, 1, 300000, 100, 1),
(45, 45, 1, 300000, 100, 1),
(46, 46, 1, 300000, 100, 1),
(47, 47, 1, 300000, 100, 1),
(48, 48, 1, 300000, 100, 1),
(49, 49, 1, 300000, 100, 1),
(50, 50, 1, 300000, 100, 1),
(51, 51, 1, 300000, 100, 1),
(52, 52, 1, 300000, 100, 1),
(53, 53, 1, 300000, 100, 1),
(54, 54, 1, 300000, 100, 1),
(55, 55, 1, 300000, 100, 1),
(56, 56, 1, 300000, 100, 1),
(57, 57, 1, 300000, 100, 1),
(58, 58, 1, 300000, 100, 1),
(59, 59, 1, 300000, 100, 1),
(60, 60, 1, 300000, 100, 1),
(61, 61, 1, 300000, 100, 1),
(62, 62, 1, 300000, 100, 1),
(63, 63, 1, 300000, 100, 1),
(64, 64, 1, 300000, 100, 1),
(65, 65, 1, 300000, 100, 1),
(66, 66, 1, 300000, 100, 1),
(67, 67, 1, 300000, 100, 1),
(68, 68, 1, 300000, 100, 1),
(69, 69, 1, 300000, 100, 1),
(70, 70, 1, 300000, 100, 1),
(71, 71, 1, 300000, 100, 1),
(72, 72, 1, 300000, 100, 1),
(73, 73, 1, 300000, 100, 1),
(74, 74, 1, 300000, 100, 1),
(75, 75, 1, 300000, 100, 1),
(76, 76, 1, 300000, 100, 1),
(77, 77, 1, 300000, 100, 1),
(78, 78, 1, 300000, 100, 1),
(79, 79, 1, 300000, 100, 1),
(80, 80, 1, 300000, 100, 1),
(81, 81, 1, 300000, 100, 1),
(82, 82, 1, 300000, 100, 1),
(83, 83, 1, 300000, 100, 1),
(84, 84, 1, 300000, 100, 1),
(85, 85, 1, 300000, 100, 1),
(86, 86, 1, 300000, 100, 1),
(87, 87, 1, 300000, 100, 1),
(88, 88, 1, 300000, 100, 1),
(89, 89, 1, 300000, 100, 1),
(90, 90, 1, 300000, 100, 1),
(91, 91, 1, 300000, 100, 1),
(92, 92, 1, 300000, 100, 1),
(93, 93, 1, 300000, 100, 1),
(94, 94, 1, 300000, 100, 1),
(95, 95, 1, 300000, 100, 1),
(96, 96, 1, 300000, 100, 1),
(97, 97, 1, 300000, 100, 1),
(98, 98, 1, 300000, 100, 1),
(99, 99, 1, 300000, 100, 1),
(100, 100, 1, 300000, 100, 1),
(101, 101, 1, 300000, 100, 1),
(102, 102, 1, 300000, 100, 1),
(103, 103, 1, 300000, 100, 1),
(104, 104, 1, 300000, 100, 1),
(105, 105, 1, 300000, 100, 1),
(106, 106, 1, 300000, 100, 1),
(107, 107, 1, 300000, 100, 1),
(108, 108, 1, 300000, 100, 1),
(109, 109, 1, 300000, 100, 1),
(110, 110, 1, 300000, 100, 1),
(111, 111, 1, 300000, 100, 1),
(112, 112, 1, 300000, 100, 1),
(113, 113, 1, 300000, 100, 1),
(114, 114, 1, 300000, 100, 1),
(115, 115, 1, 300000, 100, 1),
(116, 116, 1, 300000, 100, 1),
(117, 117, 1, 300000, 100, 1),
(118, 118, 1, 300000, 100, 1),
(119, 119, 1, 300000, 100, 1),
(120, 120, 1, 300000, 100, 1),
(121, 121, 1, 300000, 100, 1),
(122, 122, 1, 300000, 100, 1),
(123, 123, 1, 300000, 100, 1),
(124, 124, 1, 300000, 100, 1),
(125, 125, 1, 300000, 100, 1),
(126, 126, 1, 300000, 100, 1),
(127, 127, 1, 300000, 100, 1),
(128, 128, 1, 300000, 100, 1),
(129, 129, 1, 300000, 100, 1),
(130, 130, 1, 300000, 100, 1),
(131, 131, 1, 300000, 100, 1),
(132, 132, 1, 300000, 100, 1),
(133, 133, 1, 300000, 100, 1),
(134, 134, 1, 300000, 100, 1),
(135, 135, 1, 300000, 100, 1),
(136, 136, 1, 300000, 100, 1),
(137, 137, 1, 300000, 100, 1),
(138, 138, 1, 300000, 100, 1),
(139, 139, 1, 300000, 100, 1),
(140, 140, 1, 300000, 100, 1),
(141, 141, 1, 300000, 100, 1),
(142, 142, 1, 300000, 100, 1),
(143, 143, 1, 300000, 100, 1),
(144, 144, 1, 300000, 100, 1),
(145, 1, 2, 300000, 100, 1),
(146, 2, 2, 300000, 100, 1),
(147, 3, 2, 300000, 100, 1),
(148, 4, 2, 300000, 100, 1),
(149, 5, 2, 300000, 100, 1),
(150, 6, 2, 300000, 100, 1),
(151, 7, 2, 300000, 100, 1),
(152, 8, 2, 300000, 100, 1),
(153, 9, 2, 300000, 100, 1),
(154, 10, 2, 300000, 100, 1),
(155, 11, 2, 300000, 100, 1),
(156, 12, 2, 300000, 100, 1),
(157, 13, 2, 300000, 100, 1),
(158, 14, 2, 300000, 100, 1),
(159, 15, 2, 300000, 100, 1),
(160, 16, 2, 300000, 100, 1),
(161, 17, 2, 300000, 100, 1),
(162, 18, 2, 300000, 100, 1),
(163, 19, 2, 300000, 100, 1),
(164, 20, 2, 300000, 100, 1),
(165, 21, 2, 300000, 100, 1),
(166, 22, 2, 300000, 100, 1),
(167, 23, 2, 300000, 100, 1),
(168, 24, 2, 300000, 100, 1),
(169, 25, 2, 300000, 100, 1),
(170, 26, 2, 300000, 100, 1),
(171, 27, 2, 300000, 100, 1),
(172, 28, 2, 300000, 100, 1),
(173, 29, 2, 300000, 100, 1),
(174, 30, 2, 300000, 100, 1),
(175, 31, 2, 300000, 100, 1),
(176, 32, 2, 300000, 100, 1),
(177, 33, 2, 300000, 100, 1),
(178, 34, 2, 300000, 100, 1),
(179, 35, 2, 300000, 100, 1),
(180, 36, 2, 300000, 100, 1),
(181, 37, 2, 300000, 100, 1),
(182, 38, 2, 300000, 100, 1),
(183, 39, 2, 300000, 100, 1),
(184, 40, 2, 300000, 100, 1),
(185, 41, 2, 300000, 100, 1),
(186, 42, 2, 300000, 100, 1),
(187, 43, 2, 300000, 100, 1),
(188, 44, 2, 300000, 100, 1),
(189, 45, 2, 300000, 100, 1),
(190, 46, 2, 300000, 100, 1),
(191, 47, 2, 300000, 100, 1),
(192, 48, 2, 300000, 100, 1),
(193, 49, 2, 300000, 100, 1),
(194, 50, 2, 300000, 100, 1),
(195, 51, 2, 300000, 100, 1),
(196, 52, 2, 300000, 100, 1),
(197, 53, 2, 300000, 100, 1),
(198, 54, 2, 300000, 100, 1),
(199, 55, 2, 300000, 100, 1),
(200, 56, 2, 300000, 100, 1),
(201, 57, 2, 300000, 100, 1),
(202, 58, 2, 300000, 100, 1),
(203, 59, 2, 300000, 100, 1),
(204, 60, 2, 300000, 100, 1),
(205, 61, 2, 300000, 100, 1),
(206, 62, 2, 300000, 100, 1),
(207, 63, 2, 300000, 100, 1),
(208, 64, 2, 300000, 100, 1),
(209, 65, 2, 300000, 100, 1),
(210, 66, 2, 300000, 100, 1),
(211, 67, 2, 300000, 100, 1),
(212, 68, 2, 300000, 100, 1),
(213, 69, 2, 300000, 100, 1),
(214, 70, 2, 300000, 100, 1),
(215, 71, 2, 300000, 100, 1),
(216, 72, 2, 300000, 100, 1),
(217, 73, 2, 300000, 100, 1),
(218, 74, 2, 300000, 100, 1),
(219, 75, 2, 300000, 100, 1),
(220, 76, 2, 300000, 100, 1),
(221, 77, 2, 300000, 100, 1),
(222, 78, 2, 300000, 100, 1),
(223, 79, 2, 300000, 100, 1),
(224, 80, 2, 300000, 100, 1),
(225, 81, 2, 300000, 100, 1),
(226, 82, 2, 300000, 100, 1),
(227, 83, 2, 300000, 100, 1),
(228, 84, 2, 300000, 100, 1),
(229, 85, 2, 300000, 100, 1),
(230, 86, 2, 300000, 100, 1),
(231, 87, 2, 300000, 100, 1),
(232, 88, 2, 300000, 100, 1),
(233, 89, 2, 300000, 100, 1),
(234, 90, 2, 300000, 100, 1),
(235, 91, 2, 300000, 100, 1),
(236, 92, 2, 300000, 100, 1),
(237, 93, 2, 300000, 100, 1),
(238, 94, 2, 300000, 100, 1),
(239, 95, 2, 300000, 100, 1),
(240, 96, 2, 300000, 100, 1),
(241, 97, 2, 300000, 100, 1),
(242, 98, 2, 300000, 100, 1),
(243, 99, 2, 300000, 100, 1),
(244, 100, 2, 300000, 100, 1),
(245, 101, 2, 300000, 100, 1),
(246, 102, 2, 300000, 100, 1),
(247, 103, 2, 300000, 100, 1),
(248, 104, 2, 300000, 100, 1),
(249, 105, 2, 300000, 100, 1),
(250, 106, 2, 300000, 100, 1),
(251, 107, 2, 300000, 100, 1),
(252, 108, 2, 300000, 100, 1),
(253, 109, 2, 300000, 100, 1),
(254, 110, 2, 300000, 100, 1),
(255, 111, 2, 300000, 100, 1),
(256, 112, 2, 300000, 100, 1),
(257, 113, 2, 300000, 100, 1),
(258, 114, 2, 300000, 100, 1),
(259, 115, 2, 300000, 100, 1),
(260, 116, 2, 300000, 100, 1),
(261, 117, 2, 300000, 100, 1),
(262, 118, 2, 300000, 100, 1),
(263, 119, 2, 300000, 100, 1),
(264, 120, 2, 300000, 100, 1),
(265, 121, 2, 300000, 100, 1),
(266, 122, 2, 300000, 100, 1),
(267, 123, 2, 300000, 100, 1),
(268, 124, 2, 300000, 100, 1),
(269, 125, 2, 300000, 100, 1),
(270, 126, 2, 300000, 100, 1),
(271, 127, 2, 300000, 100, 1),
(272, 128, 2, 300000, 100, 1),
(273, 129, 2, 300000, 100, 1),
(274, 130, 2, 300000, 100, 1),
(275, 131, 2, 300000, 100, 1),
(276, 132, 2, 300000, 100, 1),
(277, 133, 2, 300000, 100, 1),
(278, 134, 2, 300000, 100, 1),
(279, 135, 2, 300000, 100, 1),
(280, 136, 2, 300000, 100, 1),
(281, 137, 2, 300000, 100, 1),
(282, 138, 2, 300000, 100, 1),
(283, 139, 2, 300000, 100, 1),
(284, 140, 2, 300000, 100, 1),
(285, 141, 2, 300000, 100, 1),
(286, 142, 2, 300000, 100, 1),
(287, 143, 2, 300000, 100, 1),
(288, 144, 2, 300000, 100, 1),
(289, 1, 3, 300000, 100, 1),
(290, 2, 3, 300000, 100, 1),
(291, 3, 3, 300000, 100, 1),
(292, 4, 3, 300000, 100, 1),
(293, 5, 3, 300000, 100, 1),
(294, 6, 3, 300000, 100, 1),
(295, 7, 3, 300000, 100, 1),
(296, 8, 3, 300000, 100, 1),
(297, 9, 3, 300000, 100, 1),
(298, 10, 3, 300000, 100, 1),
(299, 11, 3, 300000, 100, 1),
(300, 12, 3, 300000, 100, 1),
(301, 13, 3, 300000, 100, 1),
(302, 14, 3, 300000, 100, 1),
(303, 15, 3, 300000, 100, 1),
(304, 16, 3, 300000, 100, 1),
(305, 17, 3, 300000, 100, 1),
(306, 18, 3, 300000, 100, 1),
(307, 19, 3, 300000, 100, 1),
(308, 20, 3, 300000, 100, 1),
(309, 21, 3, 300000, 100, 1),
(310, 22, 3, 300000, 100, 1),
(311, 23, 3, 300000, 100, 1),
(312, 24, 3, 300000, 100, 1),
(313, 25, 3, 300000, 100, 1),
(314, 26, 3, 300000, 100, 1),
(315, 27, 3, 300000, 100, 1),
(316, 28, 3, 300000, 100, 1),
(317, 29, 3, 300000, 100, 1),
(318, 30, 3, 300000, 100, 1),
(319, 31, 3, 300000, 100, 1),
(320, 32, 3, 300000, 100, 1),
(321, 33, 3, 300000, 100, 1),
(322, 34, 3, 300000, 100, 1),
(323, 35, 3, 300000, 100, 1),
(324, 36, 3, 300000, 100, 1),
(325, 37, 3, 300000, 100, 1),
(326, 38, 3, 300000, 100, 1),
(327, 39, 3, 300000, 100, 1),
(328, 40, 3, 300000, 100, 1),
(329, 41, 3, 300000, 100, 1),
(330, 42, 3, 300000, 100, 1),
(331, 43, 3, 300000, 100, 1),
(332, 44, 3, 300000, 100, 1),
(333, 45, 3, 300000, 100, 1),
(334, 46, 3, 300000, 100, 1),
(335, 47, 3, 300000, 100, 1),
(336, 48, 3, 300000, 100, 1),
(337, 49, 3, 300000, 100, 1),
(338, 50, 3, 300000, 100, 1),
(339, 51, 3, 300000, 100, 1),
(340, 52, 3, 300000, 100, 1),
(341, 53, 3, 300000, 100, 1),
(342, 54, 3, 300000, 100, 1),
(343, 55, 3, 300000, 100, 1),
(344, 56, 3, 300000, 100, 1),
(345, 57, 3, 300000, 100, 1),
(346, 58, 3, 300000, 100, 1),
(347, 59, 3, 300000, 100, 1),
(348, 60, 3, 300000, 100, 1),
(349, 61, 3, 300000, 100, 1),
(350, 62, 3, 300000, 100, 1),
(351, 63, 3, 300000, 100, 1),
(352, 64, 3, 300000, 100, 1),
(353, 65, 3, 300000, 100, 1),
(354, 66, 3, 300000, 100, 1),
(355, 67, 3, 300000, 100, 1),
(356, 68, 3, 300000, 100, 1),
(357, 69, 3, 300000, 100, 1),
(358, 70, 3, 300000, 100, 1),
(359, 71, 3, 300000, 100, 1),
(360, 72, 3, 300000, 100, 1),
(361, 73, 3, 300000, 100, 1),
(362, 74, 3, 300000, 100, 1),
(363, 75, 3, 300000, 100, 1),
(364, 76, 3, 300000, 100, 1),
(365, 77, 3, 300000, 100, 1),
(366, 78, 3, 300000, 100, 1),
(367, 79, 3, 300000, 100, 1),
(368, 80, 3, 300000, 100, 1),
(369, 81, 3, 300000, 100, 1),
(370, 82, 3, 300000, 100, 1),
(371, 83, 3, 300000, 100, 1),
(372, 84, 3, 300000, 100, 1),
(373, 85, 3, 300000, 100, 1),
(374, 86, 3, 300000, 100, 1),
(375, 87, 3, 300000, 100, 1),
(376, 88, 3, 300000, 100, 1),
(377, 89, 3, 300000, 100, 1),
(378, 90, 3, 300000, 100, 1),
(379, 91, 3, 300000, 100, 1),
(380, 92, 3, 300000, 100, 1),
(381, 93, 3, 300000, 100, 1),
(382, 94, 3, 300000, 100, 1),
(383, 95, 3, 300000, 100, 1),
(384, 96, 3, 300000, 100, 1),
(385, 97, 3, 300000, 100, 1),
(386, 98, 3, 300000, 100, 1),
(387, 99, 3, 300000, 100, 1),
(388, 100, 3, 300000, 100, 1),
(389, 101, 3, 300000, 100, 1),
(390, 102, 3, 300000, 100, 1),
(391, 103, 3, 300000, 100, 1),
(392, 104, 3, 300000, 100, 1),
(393, 105, 3, 300000, 100, 1),
(394, 106, 3, 300000, 100, 1),
(395, 107, 3, 300000, 100, 1),
(396, 108, 3, 300000, 100, 1),
(397, 109, 3, 300000, 100, 1),
(398, 110, 3, 300000, 100, 1),
(399, 111, 3, 300000, 100, 1),
(400, 112, 3, 300000, 100, 1),
(401, 113, 3, 300000, 100, 1),
(402, 114, 3, 300000, 100, 1),
(403, 115, 3, 300000, 100, 1),
(404, 116, 3, 300000, 100, 1),
(405, 117, 3, 300000, 100, 1),
(406, 118, 3, 300000, 100, 1),
(407, 119, 3, 300000, 100, 1),
(408, 120, 3, 300000, 100, 1),
(409, 121, 3, 300000, 100, 1),
(410, 122, 3, 300000, 100, 1),
(411, 123, 3, 300000, 100, 1),
(412, 124, 3, 300000, 100, 1),
(413, 125, 3, 300000, 100, 1),
(414, 126, 3, 300000, 100, 1),
(415, 127, 3, 300000, 100, 1),
(416, 128, 3, 300000, 100, 1),
(417, 129, 3, 300000, 100, 1),
(418, 130, 3, 300000, 100, 1),
(419, 131, 3, 300000, 100, 1),
(420, 132, 3, 300000, 100, 1),
(421, 133, 3, 300000, 100, 1),
(422, 134, 3, 300000, 100, 1),
(423, 135, 3, 300000, 100, 1),
(424, 136, 3, 300000, 100, 1),
(425, 137, 3, 300000, 100, 1),
(426, 138, 3, 300000, 100, 1),
(427, 139, 3, 300000, 100, 1),
(428, 140, 3, 300000, 100, 1),
(429, 141, 3, 300000, 100, 1),
(430, 142, 3, 300000, 100, 1),
(431, 143, 3, 300000, 100, 1),
(432, 144, 3, 300000, 100, 1),
(433, 1, 4, 300000, 100, 1),
(434, 2, 4, 300000, 100, 1),
(435, 3, 4, 300000, 100, 1),
(436, 4, 4, 300000, 100, 1),
(437, 5, 4, 300000, 100, 1),
(438, 6, 4, 300000, 100, 1),
(439, 7, 4, 300000, 100, 1),
(440, 8, 4, 300000, 100, 1),
(441, 9, 4, 300000, 100, 1),
(442, 10, 4, 300000, 100, 1),
(443, 11, 4, 300000, 100, 1),
(444, 12, 4, 300000, 100, 1),
(445, 13, 4, 300000, 100, 1),
(446, 14, 4, 300000, 100, 1),
(447, 15, 4, 300000, 100, 1),
(448, 16, 4, 300000, 100, 1),
(449, 17, 4, 300000, 100, 1),
(450, 18, 4, 300000, 100, 1),
(451, 19, 4, 300000, 100, 1),
(452, 20, 4, 300000, 100, 1),
(453, 21, 4, 300000, 100, 1),
(454, 22, 4, 300000, 100, 1),
(455, 23, 4, 300000, 100, 1),
(456, 24, 4, 300000, 100, 1),
(457, 25, 4, 300000, 100, 1),
(458, 26, 4, 300000, 100, 1),
(459, 27, 4, 300000, 100, 1),
(460, 28, 4, 300000, 100, 1),
(461, 29, 4, 300000, 100, 1),
(462, 30, 4, 300000, 100, 1),
(463, 31, 4, 300000, 100, 1),
(464, 32, 4, 300000, 100, 1),
(465, 33, 4, 300000, 100, 1),
(466, 34, 4, 300000, 100, 1),
(467, 35, 4, 300000, 100, 1),
(468, 36, 4, 300000, 100, 1),
(469, 37, 4, 300000, 100, 1),
(470, 38, 4, 300000, 100, 1),
(471, 39, 4, 300000, 100, 1),
(472, 40, 4, 300000, 100, 1),
(473, 41, 4, 300000, 100, 1),
(474, 42, 4, 300000, 100, 1),
(475, 43, 4, 300000, 100, 1),
(476, 44, 4, 300000, 100, 1),
(477, 45, 4, 300000, 100, 1),
(478, 46, 4, 300000, 100, 1),
(479, 47, 4, 300000, 100, 1),
(480, 48, 4, 300000, 100, 1),
(481, 49, 4, 300000, 100, 1),
(482, 50, 4, 300000, 100, 1),
(483, 51, 4, 300000, 100, 1),
(484, 52, 4, 300000, 100, 1),
(485, 53, 4, 300000, 100, 1),
(486, 54, 4, 300000, 100, 1),
(487, 55, 4, 300000, 100, 1),
(488, 56, 4, 300000, 100, 1),
(489, 57, 4, 300000, 100, 1),
(490, 58, 4, 300000, 100, 1),
(491, 59, 4, 300000, 100, 1),
(492, 60, 4, 300000, 100, 1),
(493, 61, 4, 300000, 100, 1),
(494, 62, 4, 300000, 100, 1),
(495, 63, 4, 300000, 100, 1),
(496, 64, 4, 300000, 100, 1),
(497, 65, 4, 300000, 100, 1),
(498, 66, 4, 300000, 100, 1),
(499, 67, 4, 300000, 100, 1),
(500, 68, 4, 300000, 100, 1),
(501, 69, 4, 300000, 100, 1),
(502, 70, 4, 300000, 100, 1),
(503, 71, 4, 300000, 100, 1),
(504, 72, 4, 300000, 100, 1),
(505, 73, 4, 300000, 100, 1),
(506, 74, 4, 300000, 100, 1),
(507, 75, 4, 300000, 100, 1),
(508, 76, 4, 300000, 100, 1),
(509, 77, 4, 300000, 100, 1),
(510, 78, 4, 300000, 100, 1),
(511, 79, 4, 300000, 100, 1),
(512, 80, 4, 300000, 100, 1),
(513, 81, 4, 300000, 100, 1),
(514, 82, 4, 300000, 100, 1),
(515, 83, 4, 300000, 100, 1),
(516, 84, 4, 300000, 100, 1),
(517, 85, 4, 300000, 100, 1),
(518, 86, 4, 300000, 100, 1),
(519, 87, 4, 300000, 100, 1),
(520, 88, 4, 300000, 100, 1),
(521, 89, 4, 300000, 100, 1),
(522, 90, 4, 300000, 100, 1),
(523, 91, 4, 300000, 100, 1),
(524, 92, 4, 300000, 100, 1),
(525, 93, 4, 300000, 100, 1),
(526, 94, 4, 300000, 100, 1),
(527, 95, 4, 300000, 100, 1),
(528, 96, 4, 300000, 100, 1),
(529, 97, 4, 300000, 100, 1),
(530, 98, 4, 300000, 100, 1),
(531, 99, 4, 300000, 100, 1),
(532, 100, 4, 300000, 100, 1),
(533, 101, 4, 300000, 100, 1),
(534, 102, 4, 300000, 100, 1),
(535, 103, 4, 300000, 100, 1),
(536, 104, 4, 300000, 100, 1),
(537, 105, 4, 300000, 100, 1),
(538, 106, 4, 300000, 100, 1),
(539, 107, 4, 300000, 100, 1),
(540, 108, 4, 300000, 100, 1),
(541, 109, 4, 300000, 100, 1),
(542, 110, 4, 300000, 100, 1),
(543, 111, 4, 300000, 100, 1),
(544, 112, 4, 300000, 100, 1),
(545, 113, 4, 300000, 100, 1),
(546, 114, 4, 300000, 100, 1),
(547, 115, 4, 300000, 100, 1),
(548, 116, 4, 300000, 100, 1),
(549, 117, 4, 300000, 100, 1),
(550, 118, 4, 300000, 100, 1),
(551, 119, 4, 300000, 100, 1),
(552, 120, 4, 300000, 100, 1),
(553, 121, 4, 300000, 100, 1),
(554, 122, 4, 300000, 100, 1),
(555, 123, 4, 300000, 100, 1),
(556, 124, 4, 300000, 100, 1),
(557, 125, 4, 300000, 100, 1),
(558, 126, 4, 300000, 100, 1),
(559, 127, 4, 300000, 100, 1),
(560, 128, 4, 300000, 100, 1),
(561, 129, 4, 300000, 100, 1),
(562, 130, 4, 300000, 100, 1),
(563, 131, 4, 300000, 100, 1),
(564, 132, 4, 300000, 100, 1),
(565, 133, 4, 300000, 100, 1),
(566, 134, 4, 300000, 100, 1),
(567, 135, 4, 300000, 100, 1),
(568, 136, 4, 300000, 100, 1),
(569, 137, 4, 300000, 100, 1),
(570, 138, 4, 300000, 100, 1),
(571, 139, 4, 300000, 100, 1),
(572, 140, 4, 300000, 100, 1),
(573, 141, 4, 300000, 100, 1),
(574, 142, 4, 300000, 100, 1),
(575, 143, 4, 300000, 100, 1),
(576, 144, 4, 300000, 100, 1),
(577, 1, 5, 300000, 100, 1),
(578, 2, 5, 300000, 100, 1),
(579, 3, 5, 300000, 100, 1),
(580, 4, 5, 300000, 100, 1),
(581, 5, 5, 300000, 100, 1),
(582, 6, 5, 300000, 100, 1),
(583, 7, 5, 300000, 100, 1),
(584, 8, 5, 300000, 100, 1),
(585, 9, 5, 300000, 100, 1),
(586, 10, 5, 300000, 100, 1),
(587, 11, 5, 300000, 100, 1),
(588, 12, 5, 300000, 100, 1),
(589, 13, 5, 300000, 100, 1),
(590, 14, 5, 300000, 100, 1),
(591, 15, 5, 300000, 100, 1),
(592, 16, 5, 300000, 100, 1),
(593, 17, 5, 300000, 100, 1),
(594, 18, 5, 300000, 100, 1),
(595, 19, 5, 300000, 100, 1),
(596, 20, 5, 300000, 100, 1),
(597, 21, 5, 300000, 100, 1),
(598, 22, 5, 300000, 100, 1),
(599, 23, 5, 300000, 100, 1),
(600, 24, 5, 300000, 100, 1),
(601, 25, 5, 300000, 100, 1),
(602, 26, 5, 300000, 100, 1),
(603, 27, 5, 300000, 100, 1),
(604, 28, 5, 300000, 100, 1),
(605, 29, 5, 300000, 100, 1),
(606, 30, 5, 300000, 100, 1),
(607, 31, 5, 300000, 100, 1),
(608, 32, 5, 300000, 100, 1),
(609, 33, 5, 300000, 100, 1),
(610, 34, 5, 300000, 100, 1),
(611, 35, 5, 300000, 100, 1),
(612, 36, 5, 300000, 100, 1),
(613, 37, 5, 300000, 100, 1),
(614, 38, 5, 300000, 100, 1),
(615, 39, 5, 300000, 100, 1),
(616, 40, 5, 300000, 100, 1),
(617, 41, 5, 300000, 100, 1),
(618, 42, 5, 300000, 100, 1),
(619, 43, 5, 300000, 100, 1),
(620, 44, 5, 300000, 100, 1),
(621, 45, 5, 300000, 100, 1),
(622, 46, 5, 300000, 100, 1),
(623, 47, 5, 300000, 100, 1),
(624, 48, 5, 300000, 100, 1),
(625, 49, 5, 300000, 100, 1),
(626, 50, 5, 300000, 100, 1),
(627, 51, 5, 300000, 100, 1),
(628, 52, 5, 300000, 100, 1),
(629, 53, 5, 300000, 100, 1),
(630, 54, 5, 300000, 100, 1),
(631, 55, 5, 300000, 100, 1),
(632, 56, 5, 300000, 100, 1),
(633, 57, 5, 300000, 100, 1),
(634, 58, 5, 300000, 100, 1),
(635, 59, 5, 300000, 100, 1),
(636, 60, 5, 300000, 100, 1),
(637, 61, 5, 300000, 100, 1),
(638, 62, 5, 300000, 100, 1),
(639, 63, 5, 300000, 100, 1),
(640, 64, 5, 300000, 100, 1),
(641, 65, 5, 300000, 100, 1),
(642, 66, 5, 300000, 100, 1),
(643, 67, 5, 300000, 100, 1),
(644, 68, 5, 300000, 100, 1),
(645, 69, 5, 300000, 100, 1),
(646, 70, 5, 300000, 100, 1),
(647, 71, 5, 300000, 100, 1),
(648, 72, 5, 300000, 100, 1),
(649, 73, 5, 300000, 100, 1),
(650, 74, 5, 300000, 100, 1),
(651, 75, 5, 300000, 100, 1),
(652, 76, 5, 300000, 100, 1),
(653, 77, 5, 300000, 100, 1),
(654, 78, 5, 300000, 100, 1),
(655, 79, 5, 300000, 100, 1),
(656, 80, 5, 300000, 100, 1),
(657, 81, 5, 300000, 100, 1),
(658, 82, 5, 300000, 100, 1),
(659, 83, 5, 300000, 100, 1),
(660, 84, 5, 300000, 100, 1),
(661, 85, 5, 300000, 100, 1),
(662, 86, 5, 300000, 100, 1),
(663, 87, 5, 300000, 100, 1),
(664, 88, 5, 300000, 100, 1),
(665, 89, 5, 300000, 100, 1),
(666, 90, 5, 300000, 100, 1),
(667, 91, 5, 300000, 100, 1),
(668, 92, 5, 300000, 100, 1),
(669, 93, 5, 300000, 100, 1),
(670, 94, 5, 300000, 100, 1),
(671, 95, 5, 300000, 100, 1),
(672, 96, 5, 300000, 100, 1),
(673, 97, 5, 300000, 100, 1),
(674, 98, 5, 300000, 100, 1),
(675, 99, 5, 300000, 100, 1),
(676, 100, 5, 300000, 100, 1),
(677, 101, 5, 300000, 100, 1),
(678, 102, 5, 300000, 100, 1),
(679, 103, 5, 300000, 100, 1),
(680, 104, 5, 300000, 100, 1),
(681, 105, 5, 300000, 100, 1),
(682, 106, 5, 300000, 100, 1),
(683, 107, 5, 300000, 100, 1),
(684, 108, 5, 300000, 100, 1),
(685, 109, 5, 300000, 100, 1),
(686, 110, 5, 300000, 100, 1),
(687, 111, 5, 300000, 100, 1),
(688, 112, 5, 300000, 100, 1),
(689, 113, 5, 300000, 100, 1),
(690, 114, 5, 300000, 100, 1),
(691, 115, 5, 300000, 100, 1),
(692, 116, 5, 300000, 100, 1),
(693, 117, 5, 300000, 100, 1),
(694, 118, 5, 300000, 100, 1),
(695, 119, 5, 300000, 100, 1),
(696, 120, 5, 300000, 100, 1),
(697, 121, 5, 300000, 100, 1),
(698, 122, 5, 300000, 100, 1),
(699, 123, 5, 300000, 100, 1),
(700, 124, 5, 300000, 100, 1),
(701, 125, 5, 300000, 100, 1),
(702, 126, 5, 300000, 100, 1),
(703, 127, 5, 300000, 100, 1),
(704, 128, 5, 300000, 100, 1),
(705, 129, 5, 300000, 100, 1),
(706, 130, 5, 300000, 100, 1),
(707, 131, 5, 300000, 100, 1),
(708, 132, 5, 300000, 100, 1),
(709, 133, 5, 300000, 100, 1),
(710, 134, 5, 300000, 100, 1),
(711, 135, 5, 300000, 100, 1),
(712, 136, 5, 300000, 100, 1),
(713, 137, 5, 300000, 100, 1),
(714, 138, 5, 300000, 100, 1),
(715, 139, 5, 300000, 100, 1),
(716, 140, 5, 300000, 100, 1),
(717, 141, 5, 300000, 100, 1),
(718, 142, 5, 300000, 100, 1),
(719, 143, 5, 300000, 100, 1),
(720, 144, 5, 300000, 100, 1),
(721, 1, 6, 300000, 100, 1),
(722, 2, 6, 300000, 100, 1),
(723, 3, 6, 300000, 100, 1),
(724, 4, 6, 300000, 100, 1),
(725, 5, 6, 300000, 100, 1),
(726, 6, 6, 300000, 100, 1),
(727, 7, 6, 300000, 100, 1),
(728, 8, 6, 300000, 100, 1),
(729, 9, 6, 300000, 100, 1),
(730, 10, 6, 300000, 100, 1),
(731, 11, 6, 300000, 100, 1),
(732, 12, 6, 300000, 100, 1),
(733, 13, 6, 300000, 100, 1),
(734, 14, 6, 300000, 100, 1),
(735, 15, 6, 300000, 100, 1),
(736, 16, 6, 300000, 100, 1),
(737, 17, 6, 300000, 100, 1),
(738, 18, 6, 300000, 100, 1),
(739, 19, 6, 300000, 100, 1),
(740, 20, 6, 300000, 100, 1),
(741, 21, 6, 300000, 100, 1),
(742, 22, 6, 300000, 100, 1),
(743, 23, 6, 300000, 100, 1),
(744, 24, 6, 300000, 100, 1),
(745, 25, 6, 300000, 100, 1),
(746, 26, 6, 300000, 100, 1),
(747, 27, 6, 300000, 100, 1),
(748, 28, 6, 300000, 100, 1),
(749, 29, 6, 300000, 100, 1),
(750, 30, 6, 300000, 100, 1),
(751, 31, 6, 300000, 100, 1),
(752, 32, 6, 300000, 100, 1),
(753, 33, 6, 300000, 100, 1),
(754, 34, 6, 300000, 100, 1),
(755, 35, 6, 300000, 100, 1),
(756, 36, 6, 300000, 100, 1),
(757, 37, 6, 300000, 100, 1),
(758, 38, 6, 300000, 100, 1),
(759, 39, 6, 300000, 100, 1),
(760, 40, 6, 300000, 100, 1),
(761, 41, 6, 300000, 100, 1),
(762, 42, 6, 300000, 100, 1),
(763, 43, 6, 300000, 100, 1),
(764, 44, 6, 300000, 100, 1),
(765, 45, 6, 300000, 100, 1),
(766, 46, 6, 300000, 100, 1),
(767, 47, 6, 300000, 100, 1),
(768, 48, 6, 300000, 100, 1),
(769, 49, 6, 300000, 100, 1),
(770, 50, 6, 300000, 100, 1),
(771, 51, 6, 300000, 100, 1),
(772, 52, 6, 300000, 100, 1),
(773, 53, 6, 300000, 100, 1),
(774, 54, 6, 300000, 100, 1),
(775, 55, 6, 300000, 100, 1),
(776, 56, 6, 300000, 100, 1),
(777, 57, 6, 300000, 100, 1),
(778, 58, 6, 300000, 100, 1),
(779, 59, 6, 300000, 100, 1),
(780, 60, 6, 300000, 100, 1),
(781, 61, 6, 300000, 100, 1),
(782, 62, 6, 300000, 100, 1),
(783, 63, 6, 300000, 100, 1),
(784, 64, 6, 300000, 100, 1),
(785, 65, 6, 300000, 100, 1),
(786, 66, 6, 300000, 100, 1),
(787, 67, 6, 300000, 100, 1),
(788, 68, 6, 300000, 100, 1),
(789, 69, 6, 300000, 100, 1),
(790, 70, 6, 300000, 100, 1),
(791, 71, 6, 300000, 100, 1),
(792, 72, 6, 300000, 100, 1),
(793, 73, 6, 300000, 100, 1),
(794, 74, 6, 300000, 100, 1),
(795, 75, 6, 300000, 100, 1),
(796, 76, 6, 300000, 100, 1),
(797, 77, 6, 300000, 100, 1),
(798, 78, 6, 300000, 100, 1),
(799, 79, 6, 300000, 100, 1),
(800, 80, 6, 300000, 100, 1),
(801, 81, 6, 300000, 100, 1),
(802, 82, 6, 300000, 100, 1),
(803, 83, 6, 300000, 100, 1),
(804, 84, 6, 300000, 100, 1),
(805, 85, 6, 300000, 100, 1),
(806, 86, 6, 300000, 100, 1),
(807, 87, 6, 300000, 100, 1),
(808, 88, 6, 300000, 100, 1),
(809, 89, 6, 300000, 100, 1),
(810, 90, 6, 300000, 100, 1),
(811, 91, 6, 300000, 100, 1),
(812, 92, 6, 300000, 100, 1),
(813, 93, 6, 300000, 100, 1),
(814, 94, 6, 300000, 100, 1),
(815, 95, 6, 300000, 100, 1),
(816, 96, 6, 300000, 100, 1),
(817, 97, 6, 300000, 100, 1),
(818, 98, 6, 300000, 100, 1),
(819, 99, 6, 300000, 100, 1),
(820, 100, 6, 300000, 100, 1),
(821, 101, 6, 300000, 100, 1),
(822, 102, 6, 300000, 100, 1),
(823, 103, 6, 300000, 100, 1),
(824, 104, 6, 300000, 100, 1),
(825, 105, 6, 300000, 100, 1),
(826, 106, 6, 300000, 100, 1),
(827, 107, 6, 300000, 100, 1),
(828, 108, 6, 300000, 100, 1),
(829, 109, 6, 300000, 100, 1),
(830, 110, 6, 300000, 100, 1),
(831, 111, 6, 300000, 100, 1),
(832, 112, 6, 300000, 100, 1),
(833, 113, 6, 300000, 100, 1),
(834, 114, 6, 300000, 100, 1),
(835, 115, 6, 300000, 100, 1),
(836, 116, 6, 300000, 100, 1),
(837, 117, 6, 300000, 100, 1),
(838, 118, 6, 300000, 100, 1),
(839, 119, 6, 300000, 100, 1),
(840, 120, 6, 300000, 100, 1),
(841, 121, 6, 300000, 100, 1),
(842, 122, 6, 300000, 100, 1),
(843, 123, 6, 300000, 100, 1),
(844, 124, 6, 300000, 100, 1),
(845, 125, 6, 300000, 100, 1),
(846, 126, 6, 300000, 100, 1),
(847, 127, 6, 300000, 100, 1),
(848, 128, 6, 300000, 100, 1),
(849, 129, 6, 300000, 100, 1),
(850, 130, 6, 300000, 100, 1),
(851, 131, 6, 300000, 100, 1),
(852, 132, 6, 300000, 100, 1),
(853, 133, 6, 300000, 100, 1),
(854, 134, 6, 300000, 100, 1),
(855, 135, 6, 300000, 100, 1),
(856, 136, 6, 300000, 100, 1),
(857, 137, 6, 300000, 100, 1),
(858, 138, 6, 300000, 100, 1),
(859, 139, 6, 300000, 100, 1),
(860, 140, 6, 300000, 100, 1),
(861, 141, 6, 300000, 100, 1),
(862, 142, 6, 300000, 100, 1),
(863, 143, 6, 300000, 100, 1),
(864, 144, 6, 300000, 100, 1),
(865, 1, 7, 300000, 100, 1),
(866, 2, 7, 300000, 100, 1),
(867, 3, 7, 300000, 100, 1),
(868, 4, 7, 300000, 100, 1),
(869, 5, 7, 300000, 100, 1),
(870, 6, 7, 300000, 100, 1),
(871, 7, 7, 300000, 100, 1),
(872, 8, 7, 300000, 100, 1),
(873, 9, 7, 300000, 100, 1),
(874, 10, 7, 300000, 100, 1),
(875, 11, 7, 300000, 100, 1),
(876, 12, 7, 300000, 100, 1),
(877, 13, 7, 300000, 100, 1),
(878, 14, 7, 300000, 100, 1),
(879, 15, 7, 300000, 100, 1),
(880, 16, 7, 300000, 100, 1),
(881, 17, 7, 300000, 100, 1),
(882, 18, 7, 300000, 100, 1),
(883, 19, 7, 300000, 100, 1),
(884, 20, 7, 300000, 100, 1),
(885, 21, 7, 300000, 100, 1),
(886, 22, 7, 300000, 100, 1),
(887, 23, 7, 300000, 100, 1),
(888, 24, 7, 300000, 100, 1),
(889, 25, 7, 300000, 100, 1),
(890, 26, 7, 300000, 100, 1),
(891, 27, 7, 300000, 100, 1),
(892, 28, 7, 300000, 100, 1),
(893, 29, 7, 300000, 100, 1),
(894, 30, 7, 300000, 100, 1),
(895, 31, 7, 300000, 100, 1),
(896, 32, 7, 300000, 100, 1),
(897, 33, 7, 300000, 100, 1),
(898, 34, 7, 300000, 100, 1),
(899, 35, 7, 300000, 100, 1),
(900, 36, 7, 300000, 100, 1),
(901, 37, 7, 300000, 100, 1),
(902, 38, 7, 300000, 100, 1),
(903, 39, 7, 300000, 100, 1),
(904, 40, 7, 300000, 100, 1),
(905, 41, 7, 300000, 100, 1),
(906, 42, 7, 300000, 100, 1),
(907, 43, 7, 300000, 100, 1),
(908, 44, 7, 300000, 100, 1),
(909, 45, 7, 300000, 100, 1),
(910, 46, 7, 300000, 100, 1),
(911, 47, 7, 300000, 100, 1),
(912, 48, 7, 300000, 100, 1),
(913, 49, 7, 300000, 100, 1),
(914, 50, 7, 300000, 100, 1),
(915, 51, 7, 300000, 100, 1),
(916, 52, 7, 300000, 100, 1),
(917, 53, 7, 300000, 100, 1),
(918, 54, 7, 300000, 100, 1),
(919, 55, 7, 300000, 100, 1),
(920, 56, 7, 300000, 100, 1),
(921, 57, 7, 300000, 100, 1),
(922, 58, 7, 300000, 100, 1),
(923, 59, 7, 300000, 100, 1),
(924, 60, 7, 300000, 100, 1),
(925, 61, 7, 300000, 100, 1),
(926, 62, 7, 300000, 100, 1),
(927, 63, 7, 300000, 100, 1),
(928, 64, 7, 300000, 100, 1),
(929, 65, 7, 300000, 100, 1),
(930, 66, 7, 300000, 100, 1),
(931, 67, 7, 300000, 100, 1),
(932, 68, 7, 300000, 100, 1),
(933, 69, 7, 300000, 100, 1),
(934, 70, 7, 300000, 100, 1),
(935, 71, 7, 300000, 100, 1),
(936, 72, 7, 300000, 100, 1),
(937, 73, 7, 300000, 100, 1),
(938, 74, 7, 300000, 100, 1),
(939, 75, 7, 300000, 100, 1),
(940, 76, 7, 300000, 100, 1),
(941, 77, 7, 300000, 100, 1),
(942, 78, 7, 300000, 100, 1),
(943, 79, 7, 300000, 100, 1),
(944, 80, 7, 300000, 100, 1),
(945, 81, 7, 300000, 100, 1),
(946, 82, 7, 300000, 100, 1),
(947, 83, 7, 300000, 100, 1),
(948, 84, 7, 300000, 100, 1),
(949, 85, 7, 300000, 100, 1),
(950, 86, 7, 300000, 100, 1),
(951, 87, 7, 300000, 100, 1),
(952, 88, 7, 300000, 100, 1),
(953, 89, 7, 300000, 100, 1),
(954, 90, 7, 300000, 100, 1),
(955, 91, 7, 300000, 100, 1),
(956, 92, 7, 300000, 100, 1),
(957, 93, 7, 300000, 100, 1),
(958, 94, 7, 300000, 100, 1),
(959, 95, 7, 300000, 100, 1),
(960, 96, 7, 300000, 100, 1),
(961, 97, 7, 300000, 100, 1),
(962, 98, 7, 300000, 100, 1),
(963, 99, 7, 300000, 100, 1),
(964, 100, 7, 300000, 100, 1),
(965, 101, 7, 300000, 100, 1),
(966, 102, 7, 300000, 100, 1),
(967, 103, 7, 300000, 100, 1),
(968, 104, 7, 300000, 100, 1),
(969, 105, 7, 300000, 100, 1),
(970, 106, 7, 300000, 100, 1),
(971, 107, 7, 300000, 100, 1),
(972, 108, 7, 300000, 100, 1),
(973, 109, 7, 300000, 100, 1),
(974, 110, 7, 300000, 100, 1),
(975, 111, 7, 300000, 100, 1),
(976, 112, 7, 300000, 100, 1),
(977, 113, 7, 300000, 100, 1),
(978, 114, 7, 300000, 100, 1),
(979, 115, 7, 300000, 100, 1),
(980, 116, 7, 300000, 100, 1),
(981, 117, 7, 300000, 100, 1),
(982, 118, 7, 300000, 100, 1),
(983, 119, 7, 300000, 100, 1),
(984, 120, 7, 300000, 100, 1),
(985, 121, 7, 300000, 100, 1),
(986, 122, 7, 300000, 100, 1),
(987, 123, 7, 300000, 100, 1),
(988, 124, 7, 300000, 100, 1),
(989, 125, 7, 300000, 100, 1),
(990, 126, 7, 300000, 100, 1),
(991, 127, 7, 300000, 100, 1),
(992, 128, 7, 300000, 100, 1),
(993, 129, 7, 300000, 100, 1),
(994, 130, 7, 300000, 100, 1),
(995, 131, 7, 300000, 100, 1),
(996, 132, 7, 300000, 100, 1),
(997, 133, 7, 300000, 100, 1),
(998, 134, 7, 300000, 100, 1),
(999, 135, 7, 300000, 100, 1),
(1000, 136, 7, 300000, 100, 1),
(1001, 137, 7, 300000, 100, 1),
(1002, 138, 7, 300000, 100, 1),
(1003, 139, 7, 300000, 100, 1),
(1004, 140, 7, 300000, 100, 1),
(1005, 141, 7, 300000, 100, 1),
(1006, 142, 7, 300000, 100, 1),
(1007, 143, 7, 300000, 100, 1),
(1008, 144, 7, 300000, 100, 1),
(1009, 1, 8, 300000, 100, 1),
(1010, 2, 8, 300000, 100, 1),
(1011, 3, 8, 300000, 100, 1),
(1012, 4, 8, 300000, 100, 1),
(1013, 5, 8, 300000, 100, 1),
(1014, 6, 8, 300000, 100, 1),
(1015, 7, 8, 300000, 100, 1),
(1016, 8, 8, 300000, 100, 1),
(1017, 9, 8, 300000, 100, 1),
(1018, 10, 8, 300000, 100, 1),
(1019, 11, 8, 300000, 100, 1),
(1020, 12, 8, 300000, 100, 1),
(1021, 13, 8, 300000, 100, 1),
(1022, 14, 8, 300000, 100, 1),
(1023, 15, 8, 300000, 100, 1),
(1024, 16, 8, 300000, 100, 1),
(1025, 17, 8, 300000, 100, 1),
(1026, 18, 8, 300000, 100, 1),
(1027, 19, 8, 300000, 100, 1),
(1028, 20, 8, 300000, 100, 1),
(1029, 21, 8, 300000, 100, 1),
(1030, 22, 8, 300000, 100, 1),
(1031, 23, 8, 300000, 100, 1),
(1032, 24, 8, 300000, 100, 1),
(1033, 25, 8, 300000, 100, 1),
(1034, 26, 8, 300000, 100, 1),
(1035, 27, 8, 300000, 100, 1),
(1036, 28, 8, 300000, 100, 1),
(1037, 29, 8, 300000, 100, 1),
(1038, 30, 8, 300000, 100, 1),
(1039, 31, 8, 300000, 100, 1),
(1040, 32, 8, 300000, 100, 1),
(1041, 33, 8, 300000, 100, 1),
(1042, 34, 8, 300000, 100, 1),
(1043, 35, 8, 300000, 100, 1),
(1044, 36, 8, 300000, 100, 1),
(1045, 37, 8, 300000, 100, 1),
(1046, 38, 8, 300000, 100, 1),
(1047, 39, 8, 300000, 100, 1),
(1048, 40, 8, 300000, 100, 1),
(1049, 41, 8, 300000, 100, 1),
(1050, 42, 8, 300000, 100, 1),
(1051, 43, 8, 300000, 100, 1),
(1052, 44, 8, 300000, 100, 1),
(1053, 45, 8, 300000, 100, 1),
(1054, 46, 8, 300000, 100, 1),
(1055, 47, 8, 300000, 100, 1),
(1056, 48, 8, 300000, 100, 1),
(1057, 49, 8, 300000, 100, 1),
(1058, 50, 8, 300000, 100, 1),
(1059, 51, 8, 300000, 100, 1),
(1060, 52, 8, 300000, 100, 1),
(1061, 53, 8, 300000, 100, 1),
(1062, 54, 8, 300000, 100, 1),
(1063, 55, 8, 300000, 100, 1),
(1064, 56, 8, 300000, 100, 1),
(1065, 57, 8, 300000, 100, 1),
(1066, 58, 8, 300000, 100, 1),
(1067, 59, 8, 300000, 100, 1),
(1068, 60, 8, 300000, 100, 1),
(1069, 61, 8, 300000, 100, 1),
(1070, 62, 8, 300000, 100, 1),
(1071, 63, 8, 300000, 100, 1),
(1072, 64, 8, 300000, 100, 1),
(1073, 65, 8, 300000, 100, 1),
(1074, 66, 8, 300000, 100, 1),
(1075, 67, 8, 300000, 100, 1),
(1076, 68, 8, 300000, 100, 1),
(1077, 69, 8, 300000, 100, 1),
(1078, 70, 8, 300000, 100, 1),
(1079, 71, 8, 300000, 100, 1),
(1080, 72, 8, 300000, 100, 1),
(1081, 73, 8, 300000, 100, 1),
(1082, 74, 8, 300000, 100, 1),
(1083, 75, 8, 300000, 100, 1),
(1084, 76, 8, 300000, 100, 1),
(1085, 77, 8, 300000, 100, 1),
(1086, 78, 8, 300000, 100, 1),
(1087, 79, 8, 300000, 100, 1),
(1088, 80, 8, 300000, 100, 1),
(1089, 81, 8, 300000, 100, 1),
(1090, 82, 8, 300000, 100, 1),
(1091, 83, 8, 300000, 100, 1),
(1092, 84, 8, 300000, 100, 1),
(1093, 85, 8, 300000, 100, 1),
(1094, 86, 8, 300000, 100, 1),
(1095, 87, 8, 300000, 100, 1),
(1096, 88, 8, 300000, 100, 1),
(1097, 89, 8, 300000, 100, 1),
(1098, 90, 8, 300000, 100, 1),
(1099, 91, 8, 300000, 100, 1),
(1100, 92, 8, 300000, 100, 1),
(1101, 93, 8, 300000, 100, 1),
(1102, 94, 8, 300000, 100, 1),
(1103, 95, 8, 300000, 100, 1),
(1104, 96, 8, 300000, 100, 1),
(1105, 97, 8, 300000, 100, 1),
(1106, 98, 8, 300000, 100, 1),
(1107, 99, 8, 300000, 100, 1),
(1108, 100, 8, 300000, 100, 1),
(1109, 101, 8, 300000, 100, 1),
(1110, 102, 8, 300000, 100, 1),
(1111, 103, 8, 300000, 100, 1),
(1112, 104, 8, 300000, 100, 1),
(1113, 105, 8, 300000, 100, 1),
(1114, 106, 8, 300000, 100, 1),
(1115, 107, 8, 300000, 100, 1),
(1116, 108, 8, 300000, 100, 1),
(1117, 109, 8, 300000, 100, 1),
(1118, 110, 8, 300000, 100, 1),
(1119, 111, 8, 300000, 100, 1),
(1120, 112, 8, 300000, 100, 1),
(1121, 113, 8, 300000, 100, 1),
(1122, 114, 8, 300000, 100, 1),
(1123, 115, 8, 300000, 100, 1),
(1124, 116, 8, 300000, 100, 1),
(1125, 117, 8, 300000, 100, 1),
(1126, 118, 8, 300000, 100, 1),
(1127, 119, 8, 300000, 100, 1),
(1128, 120, 8, 300000, 100, 1),
(1129, 121, 8, 300000, 100, 1),
(1130, 122, 8, 300000, 100, 1),
(1131, 123, 8, 300000, 100, 1),
(1132, 124, 8, 300000, 100, 1),
(1133, 125, 8, 300000, 100, 1),
(1134, 126, 8, 300000, 100, 1),
(1135, 127, 8, 300000, 100, 1),
(1136, 128, 8, 300000, 100, 1),
(1137, 129, 8, 300000, 100, 1),
(1138, 130, 8, 300000, 100, 1),
(1139, 131, 8, 300000, 100, 1),
(1140, 132, 8, 300000, 100, 1),
(1141, 133, 8, 300000, 100, 1),
(1142, 134, 8, 300000, 100, 1),
(1143, 135, 8, 300000, 100, 1),
(1144, 136, 8, 300000, 100, 1),
(1145, 137, 8, 300000, 100, 1),
(1146, 138, 8, 300000, 100, 1),
(1147, 139, 8, 300000, 100, 1),
(1148, 140, 8, 300000, 100, 1),
(1149, 141, 8, 300000, 100, 1),
(1150, 142, 8, 300000, 100, 1),
(1151, 143, 8, 300000, 100, 1),
(1152, 144, 8, 300000, 100, 1),
(1153, 1, 9, 300000, 100, 1),
(1154, 2, 9, 300000, 100, 1),
(1155, 3, 9, 300000, 100, 1),
(1156, 4, 9, 300000, 100, 1),
(1157, 5, 9, 300000, 100, 1),
(1158, 6, 9, 300000, 100, 1),
(1159, 7, 9, 300000, 100, 1),
(1160, 8, 9, 300000, 100, 1),
(1161, 9, 9, 300000, 100, 1),
(1162, 10, 9, 300000, 100, 1),
(1163, 11, 9, 300000, 100, 1),
(1164, 12, 9, 300000, 100, 1),
(1165, 13, 9, 300000, 100, 1),
(1166, 14, 9, 300000, 100, 1),
(1167, 15, 9, 300000, 100, 1),
(1168, 16, 9, 300000, 100, 1),
(1169, 17, 9, 300000, 100, 1),
(1170, 18, 9, 300000, 100, 1),
(1171, 19, 9, 300000, 100, 1),
(1172, 20, 9, 300000, 100, 1),
(1173, 21, 9, 300000, 100, 1),
(1174, 22, 9, 300000, 100, 1),
(1175, 23, 9, 300000, 100, 1),
(1176, 24, 9, 300000, 100, 1),
(1177, 25, 9, 300000, 100, 1),
(1178, 26, 9, 300000, 100, 1),
(1179, 27, 9, 300000, 100, 1),
(1180, 28, 9, 300000, 100, 1),
(1181, 29, 9, 300000, 100, 1),
(1182, 30, 9, 300000, 100, 1),
(1183, 31, 9, 300000, 100, 1),
(1184, 32, 9, 300000, 100, 1),
(1185, 33, 9, 300000, 100, 1),
(1186, 34, 9, 300000, 100, 1),
(1187, 35, 9, 300000, 100, 1),
(1188, 36, 9, 300000, 100, 1),
(1189, 37, 9, 300000, 100, 1),
(1190, 38, 9, 300000, 100, 1),
(1191, 39, 9, 300000, 100, 1),
(1192, 40, 9, 300000, 100, 1),
(1193, 41, 9, 300000, 100, 1),
(1194, 42, 9, 300000, 100, 1),
(1195, 43, 9, 300000, 100, 1),
(1196, 44, 9, 300000, 100, 1),
(1197, 45, 9, 300000, 100, 1),
(1198, 46, 9, 300000, 100, 1),
(1199, 47, 9, 300000, 100, 1),
(1200, 48, 9, 300000, 100, 1),
(1201, 49, 9, 300000, 100, 1),
(1202, 50, 9, 300000, 100, 1),
(1203, 51, 9, 300000, 100, 1),
(1204, 52, 9, 300000, 100, 1),
(1205, 53, 9, 300000, 100, 1),
(1206, 54, 9, 300000, 100, 1),
(1207, 55, 9, 300000, 100, 1),
(1208, 56, 9, 300000, 100, 1),
(1209, 57, 9, 300000, 100, 1),
(1210, 58, 9, 300000, 100, 1),
(1211, 59, 9, 300000, 100, 1),
(1212, 60, 9, 300000, 100, 1),
(1213, 61, 9, 300000, 100, 1),
(1214, 62, 9, 300000, 100, 1),
(1215, 63, 9, 300000, 100, 1),
(1216, 64, 9, 300000, 100, 1),
(1217, 65, 9, 300000, 100, 1),
(1218, 66, 9, 300000, 100, 1),
(1219, 67, 9, 300000, 100, 1),
(1220, 68, 9, 300000, 100, 1),
(1221, 69, 9, 300000, 100, 1),
(1222, 70, 9, 300000, 100, 1),
(1223, 71, 9, 300000, 100, 1),
(1224, 72, 9, 300000, 100, 1),
(1225, 73, 9, 300000, 100, 1),
(1226, 74, 9, 300000, 100, 1),
(1227, 75, 9, 300000, 100, 1),
(1228, 76, 9, 300000, 100, 1),
(1229, 77, 9, 300000, 100, 1),
(1230, 78, 9, 300000, 100, 1),
(1231, 79, 9, 300000, 100, 1),
(1232, 80, 9, 300000, 100, 1),
(1233, 81, 9, 300000, 100, 1),
(1234, 82, 9, 300000, 100, 1),
(1235, 83, 9, 300000, 100, 1),
(1236, 84, 9, 300000, 100, 1),
(1237, 85, 9, 300000, 100, 1),
(1238, 86, 9, 300000, 100, 1),
(1239, 87, 9, 300000, 100, 1),
(1240, 88, 9, 300000, 100, 1),
(1241, 89, 9, 300000, 100, 1),
(1242, 90, 9, 300000, 100, 1),
(1243, 91, 9, 300000, 100, 1),
(1244, 92, 9, 300000, 100, 1),
(1245, 93, 9, 300000, 100, 1),
(1246, 94, 9, 300000, 100, 1),
(1247, 95, 9, 300000, 100, 1),
(1248, 96, 9, 300000, 100, 1),
(1249, 97, 9, 300000, 100, 1),
(1250, 98, 9, 300000, 100, 1),
(1251, 99, 9, 300000, 100, 1),
(1252, 100, 9, 300000, 100, 1),
(1253, 101, 9, 300000, 100, 1),
(1254, 102, 9, 300000, 100, 1),
(1255, 103, 9, 300000, 100, 1),
(1256, 104, 9, 300000, 100, 1),
(1257, 105, 9, 300000, 100, 1),
(1258, 106, 9, 300000, 100, 1),
(1259, 107, 9, 300000, 100, 1),
(1260, 108, 9, 300000, 100, 1),
(1261, 109, 9, 300000, 100, 1),
(1262, 110, 9, 300000, 100, 1),
(1263, 111, 9, 300000, 100, 1),
(1264, 112, 9, 300000, 100, 1),
(1265, 113, 9, 300000, 100, 1),
(1266, 114, 9, 300000, 100, 1),
(1267, 115, 9, 300000, 100, 1),
(1268, 116, 9, 300000, 100, 1),
(1269, 117, 9, 300000, 100, 1),
(1270, 118, 9, 300000, 100, 1),
(1271, 119, 9, 300000, 100, 1),
(1272, 120, 9, 300000, 100, 1),
(1273, 121, 9, 300000, 100, 1),
(1274, 122, 9, 300000, 100, 1),
(1275, 123, 9, 300000, 100, 1),
(1276, 124, 9, 300000, 100, 1),
(1277, 125, 9, 300000, 100, 1),
(1278, 126, 9, 300000, 100, 1),
(1279, 127, 9, 300000, 100, 1),
(1280, 128, 9, 300000, 100, 1),
(1281, 129, 9, 300000, 100, 1),
(1282, 130, 9, 300000, 100, 1),
(1283, 131, 9, 300000, 100, 1),
(1284, 132, 9, 300000, 100, 1),
(1285, 133, 9, 300000, 100, 1),
(1286, 134, 9, 300000, 100, 1),
(1287, 135, 9, 300000, 100, 1),
(1288, 136, 9, 300000, 100, 1),
(1289, 137, 9, 300000, 100, 1),
(1290, 138, 9, 300000, 100, 1),
(1291, 139, 9, 300000, 100, 1),
(1292, 140, 9, 300000, 100, 1),
(1293, 141, 9, 300000, 100, 1),
(1294, 142, 9, 300000, 100, 1),
(1295, 143, 9, 300000, 100, 1),
(1296, 144, 9, 300000, 100, 1),
(1297, 1, 10, 300000, 100, 1),
(1298, 2, 10, 300000, 100, 1),
(1299, 3, 10, 300000, 100, 1),
(1300, 4, 10, 300000, 100, 1),
(1301, 5, 10, 300000, 100, 1),
(1302, 6, 10, 300000, 100, 1),
(1303, 7, 10, 300000, 100, 1),
(1304, 8, 10, 300000, 100, 1),
(1305, 9, 10, 300000, 100, 1),
(1306, 10, 10, 300000, 100, 1),
(1307, 11, 10, 300000, 100, 1),
(1308, 12, 10, 300000, 100, 1),
(1309, 13, 10, 300000, 100, 1),
(1310, 14, 10, 300000, 100, 1),
(1311, 15, 10, 300000, 100, 1),
(1312, 16, 10, 300000, 100, 1),
(1313, 17, 10, 300000, 100, 1),
(1314, 18, 10, 300000, 100, 1),
(1315, 19, 10, 300000, 100, 1),
(1316, 20, 10, 300000, 100, 1),
(1317, 21, 10, 300000, 100, 1),
(1318, 22, 10, 300000, 100, 1),
(1319, 23, 10, 300000, 100, 1),
(1320, 24, 10, 300000, 100, 1),
(1321, 25, 10, 300000, 100, 1),
(1322, 26, 10, 300000, 100, 1),
(1323, 27, 10, 300000, 100, 1),
(1324, 28, 10, 300000, 100, 1),
(1325, 29, 10, 300000, 100, 1),
(1326, 30, 10, 300000, 100, 1),
(1327, 31, 10, 300000, 100, 1),
(1328, 32, 10, 300000, 100, 1),
(1329, 33, 10, 300000, 100, 1),
(1330, 34, 10, 300000, 100, 1),
(1331, 35, 10, 300000, 100, 1),
(1332, 36, 10, 300000, 100, 1),
(1333, 37, 10, 300000, 100, 1),
(1334, 38, 10, 300000, 100, 1),
(1335, 39, 10, 300000, 100, 1),
(1336, 40, 10, 300000, 100, 1),
(1337, 41, 10, 300000, 100, 1),
(1338, 42, 10, 300000, 100, 1),
(1339, 43, 10, 300000, 100, 1),
(1340, 44, 10, 300000, 100, 1),
(1341, 45, 10, 300000, 100, 1),
(1342, 46, 10, 300000, 100, 1),
(1343, 47, 10, 300000, 100, 1),
(1344, 48, 10, 300000, 100, 1),
(1345, 49, 10, 300000, 100, 1),
(1346, 50, 10, 300000, 100, 1),
(1347, 51, 10, 300000, 100, 1),
(1348, 52, 10, 300000, 100, 1),
(1349, 53, 10, 300000, 100, 1),
(1350, 54, 10, 300000, 100, 1),
(1351, 55, 10, 300000, 100, 1),
(1352, 56, 10, 300000, 100, 1),
(1353, 57, 10, 300000, 100, 1),
(1354, 58, 10, 300000, 100, 1),
(1355, 59, 10, 300000, 100, 1),
(1356, 60, 10, 300000, 100, 1),
(1357, 61, 10, 300000, 100, 1),
(1358, 62, 10, 300000, 100, 1),
(1359, 63, 10, 300000, 100, 1),
(1360, 64, 10, 300000, 100, 1),
(1361, 65, 10, 300000, 100, 1),
(1362, 66, 10, 300000, 100, 1),
(1363, 67, 10, 300000, 100, 1),
(1364, 68, 10, 300000, 100, 1),
(1365, 69, 10, 300000, 100, 1),
(1366, 70, 10, 300000, 100, 1),
(1367, 71, 10, 300000, 100, 1),
(1368, 72, 10, 300000, 100, 1),
(1369, 73, 10, 300000, 100, 1),
(1370, 74, 10, 300000, 100, 1),
(1371, 75, 10, 300000, 100, 1),
(1372, 76, 10, 300000, 100, 1),
(1373, 77, 10, 300000, 100, 1),
(1374, 78, 10, 300000, 100, 1),
(1375, 79, 10, 300000, 100, 1),
(1376, 80, 10, 300000, 100, 1),
(1377, 81, 10, 300000, 100, 1),
(1378, 82, 10, 300000, 100, 1),
(1379, 83, 10, 300000, 100, 1),
(1380, 84, 10, 300000, 100, 1),
(1381, 85, 10, 300000, 100, 1),
(1382, 86, 10, 300000, 100, 1),
(1383, 87, 10, 300000, 100, 1),
(1384, 88, 10, 300000, 100, 1),
(1385, 89, 10, 300000, 100, 1),
(1386, 90, 10, 300000, 100, 1),
(1387, 91, 10, 300000, 100, 1),
(1388, 92, 10, 300000, 100, 1),
(1389, 93, 10, 300000, 100, 1),
(1390, 94, 10, 300000, 100, 1),
(1391, 95, 10, 300000, 100, 1),
(1392, 96, 10, 300000, 100, 1),
(1393, 97, 10, 300000, 100, 1),
(1394, 98, 10, 300000, 100, 1),
(1395, 99, 10, 300000, 100, 1),
(1396, 100, 10, 300000, 100, 1),
(1397, 101, 10, 300000, 100, 1),
(1398, 102, 10, 300000, 100, 1),
(1399, 103, 10, 300000, 100, 1),
(1400, 104, 10, 300000, 100, 1),
(1401, 105, 10, 300000, 100, 1),
(1402, 106, 10, 300000, 100, 1),
(1403, 107, 10, 300000, 100, 1),
(1404, 108, 10, 300000, 100, 1),
(1405, 109, 10, 300000, 100, 1),
(1406, 110, 10, 300000, 100, 1),
(1407, 111, 10, 300000, 100, 1),
(1408, 112, 10, 300000, 100, 1),
(1409, 113, 10, 300000, 100, 1),
(1410, 114, 10, 300000, 100, 1),
(1411, 115, 10, 300000, 100, 1),
(1412, 116, 10, 300000, 100, 1),
(1413, 117, 10, 300000, 100, 1),
(1414, 118, 10, 300000, 100, 1),
(1415, 119, 10, 300000, 100, 1),
(1416, 120, 10, 300000, 100, 1),
(1417, 121, 10, 300000, 100, 1),
(1418, 122, 10, 300000, 100, 1),
(1419, 123, 10, 300000, 100, 1),
(1420, 124, 10, 300000, 100, 1),
(1421, 125, 10, 300000, 100, 1),
(1422, 126, 10, 300000, 100, 1),
(1423, 127, 10, 300000, 100, 1),
(1424, 128, 10, 300000, 100, 1),
(1425, 129, 10, 300000, 100, 1),
(1426, 130, 10, 300000, 100, 1),
(1427, 131, 10, 300000, 100, 1),
(1428, 132, 10, 300000, 100, 1),
(1429, 133, 10, 300000, 100, 1),
(1430, 134, 10, 300000, 100, 1),
(1431, 135, 10, 300000, 100, 1),
(1432, 136, 10, 300000, 100, 1),
(1433, 137, 10, 300000, 100, 1),
(1434, 138, 10, 300000, 100, 1),
(1435, 139, 10, 300000, 100, 1),
(1436, 140, 10, 300000, 100, 1),
(1437, 141, 10, 300000, 100, 1),
(1438, 142, 10, 300000, 100, 1),
(1439, 143, 10, 300000, 100, 1),
(1440, 144, 10, 300000, 100, 1),
(1441, 1, 11, 300000, 100, 1),
(1442, 2, 11, 300000, 100, 1),
(1443, 3, 11, 300000, 100, 1),
(1444, 4, 11, 300000, 100, 1),
(1445, 5, 11, 300000, 100, 1),
(1446, 6, 11, 300000, 100, 1),
(1447, 7, 11, 300000, 100, 1),
(1448, 8, 11, 300000, 100, 1),
(1449, 9, 11, 300000, 100, 1),
(1450, 10, 11, 300000, 100, 1),
(1451, 11, 11, 300000, 100, 1),
(1452, 12, 11, 300000, 100, 1),
(1453, 13, 11, 300000, 100, 1),
(1454, 14, 11, 300000, 100, 1),
(1455, 15, 11, 300000, 100, 1),
(1456, 16, 11, 300000, 100, 1),
(1457, 17, 11, 300000, 100, 1),
(1458, 18, 11, 300000, 100, 1),
(1459, 19, 11, 300000, 100, 1),
(1460, 20, 11, 300000, 100, 1),
(1461, 21, 11, 300000, 100, 1),
(1462, 22, 11, 300000, 100, 1),
(1463, 23, 11, 300000, 100, 1),
(1464, 24, 11, 300000, 100, 1),
(1465, 25, 11, 300000, 100, 1),
(1466, 26, 11, 300000, 100, 1),
(1467, 27, 11, 300000, 100, 1),
(1468, 28, 11, 300000, 100, 1),
(1469, 29, 11, 300000, 100, 1),
(1470, 30, 11, 300000, 100, 1),
(1471, 31, 11, 300000, 100, 1),
(1472, 32, 11, 300000, 100, 1),
(1473, 33, 11, 300000, 100, 1),
(1474, 34, 11, 300000, 100, 1),
(1475, 35, 11, 300000, 100, 1),
(1476, 36, 11, 300000, 100, 1),
(1477, 37, 11, 300000, 100, 1),
(1478, 38, 11, 300000, 100, 1),
(1479, 39, 11, 300000, 100, 1),
(1480, 40, 11, 300000, 100, 1),
(1481, 41, 11, 300000, 100, 1),
(1482, 42, 11, 300000, 100, 1),
(1483, 43, 11, 300000, 100, 1),
(1484, 44, 11, 300000, 100, 1),
(1485, 45, 11, 300000, 100, 1),
(1486, 46, 11, 300000, 100, 1),
(1487, 47, 11, 300000, 100, 1),
(1488, 48, 11, 300000, 100, 1),
(1489, 49, 11, 300000, 100, 1),
(1490, 50, 11, 300000, 100, 1),
(1491, 51, 11, 300000, 100, 1),
(1492, 52, 11, 300000, 100, 1),
(1493, 53, 11, 300000, 100, 1),
(1494, 54, 11, 300000, 100, 1),
(1495, 55, 11, 300000, 100, 1),
(1496, 56, 11, 300000, 100, 1),
(1497, 57, 11, 300000, 100, 1),
(1498, 58, 11, 300000, 100, 1),
(1499, 59, 11, 300000, 100, 1),
(1500, 60, 11, 300000, 100, 1),
(1501, 61, 11, 300000, 100, 1),
(1502, 62, 11, 300000, 100, 1),
(1503, 63, 11, 300000, 100, 1),
(1504, 64, 11, 300000, 100, 1),
(1505, 65, 11, 300000, 100, 1),
(1506, 66, 11, 300000, 100, 1),
(1507, 67, 11, 300000, 100, 1),
(1508, 68, 11, 300000, 100, 1),
(1509, 69, 11, 300000, 100, 1),
(1510, 70, 11, 300000, 100, 1),
(1511, 71, 11, 300000, 100, 1),
(1512, 72, 11, 300000, 100, 1),
(1513, 73, 11, 300000, 100, 1),
(1514, 74, 11, 300000, 100, 1),
(1515, 75, 11, 300000, 100, 1),
(1516, 76, 11, 300000, 100, 1),
(1517, 77, 11, 300000, 100, 1),
(1518, 78, 11, 300000, 100, 1),
(1519, 79, 11, 300000, 100, 1),
(1520, 80, 11, 300000, 100, 1),
(1521, 81, 11, 300000, 100, 1),
(1522, 82, 11, 300000, 100, 1),
(1523, 83, 11, 300000, 100, 1),
(1524, 84, 11, 300000, 100, 1),
(1525, 85, 11, 300000, 100, 1),
(1526, 86, 11, 300000, 100, 1),
(1527, 87, 11, 300000, 100, 1),
(1528, 88, 11, 300000, 100, 1),
(1529, 89, 11, 300000, 100, 1),
(1530, 90, 11, 300000, 100, 1),
(1531, 91, 11, 300000, 100, 1),
(1532, 92, 11, 300000, 100, 1),
(1533, 93, 11, 300000, 100, 1),
(1534, 94, 11, 300000, 100, 1),
(1535, 95, 11, 300000, 100, 1),
(1536, 96, 11, 300000, 100, 1),
(1537, 97, 11, 300000, 100, 1),
(1538, 98, 11, 300000, 100, 1),
(1539, 99, 11, 300000, 100, 1),
(1540, 100, 11, 300000, 100, 1),
(1541, 101, 11, 300000, 100, 1),
(1542, 102, 11, 300000, 100, 1),
(1543, 103, 11, 300000, 100, 1),
(1544, 104, 11, 300000, 100, 1),
(1545, 105, 11, 300000, 100, 1),
(1546, 106, 11, 300000, 100, 1),
(1547, 107, 11, 300000, 100, 1),
(1548, 108, 11, 300000, 100, 1),
(1549, 109, 11, 300000, 100, 1),
(1550, 110, 11, 300000, 100, 1),
(1551, 111, 11, 300000, 100, 1),
(1552, 112, 11, 300000, 100, 1),
(1553, 113, 11, 300000, 100, 1),
(1554, 114, 11, 300000, 100, 1),
(1555, 115, 11, 300000, 100, 1),
(1556, 116, 11, 300000, 100, 1),
(1557, 117, 11, 300000, 100, 1),
(1558, 118, 11, 300000, 100, 1),
(1559, 119, 11, 300000, 100, 1),
(1560, 120, 11, 300000, 100, 1),
(1561, 121, 11, 300000, 100, 1),
(1562, 122, 11, 300000, 100, 1),
(1563, 123, 11, 300000, 100, 1),
(1564, 124, 11, 300000, 100, 1),
(1565, 125, 11, 300000, 100, 1),
(1566, 126, 11, 300000, 100, 1),
(1567, 127, 11, 300000, 100, 1),
(1568, 128, 11, 300000, 100, 1),
(1569, 129, 11, 300000, 100, 1),
(1570, 130, 11, 300000, 100, 1),
(1571, 131, 11, 300000, 100, 1),
(1572, 132, 11, 300000, 100, 1),
(1573, 133, 11, 300000, 100, 1),
(1574, 134, 11, 300000, 100, 1),
(1575, 135, 11, 300000, 100, 1),
(1576, 136, 11, 300000, 100, 1),
(1577, 137, 11, 300000, 100, 1),
(1578, 138, 11, 300000, 100, 1),
(1579, 139, 11, 300000, 100, 1),
(1580, 140, 11, 300000, 100, 1),
(1581, 141, 11, 300000, 100, 1),
(1582, 142, 11, 300000, 100, 1),
(1583, 143, 11, 300000, 100, 1),
(1584, 144, 11, 300000, 100, 1),
(1585, 1, 12, 300000, 100, 1),
(1586, 2, 12, 300000, 100, 1),
(1587, 3, 12, 300000, 100, 1),
(1588, 4, 12, 300000, 100, 1),
(1589, 5, 12, 300000, 100, 1),
(1590, 6, 12, 300000, 100, 1),
(1591, 7, 12, 300000, 100, 1),
(1592, 8, 12, 300000, 100, 1),
(1593, 9, 12, 300000, 100, 1),
(1594, 10, 12, 300000, 100, 1),
(1595, 11, 12, 300000, 100, 1),
(1596, 12, 12, 300000, 100, 1),
(1597, 13, 12, 300000, 100, 1),
(1598, 14, 12, 300000, 100, 1),
(1599, 15, 12, 300000, 100, 1),
(1600, 16, 12, 300000, 100, 1),
(1601, 17, 12, 300000, 100, 1),
(1602, 18, 12, 300000, 100, 1),
(1603, 19, 12, 300000, 100, 1),
(1604, 20, 12, 300000, 100, 1),
(1605, 21, 12, 300000, 100, 1),
(1606, 22, 12, 300000, 100, 1),
(1607, 23, 12, 300000, 100, 1),
(1608, 24, 12, 300000, 100, 1),
(1609, 25, 12, 300000, 100, 1),
(1610, 26, 12, 300000, 100, 1),
(1611, 27, 12, 300000, 100, 1),
(1612, 28, 12, 300000, 100, 1),
(1613, 29, 12, 300000, 100, 1),
(1614, 30, 12, 300000, 100, 1),
(1615, 31, 12, 300000, 100, 1),
(1616, 32, 12, 300000, 100, 1),
(1617, 33, 12, 300000, 100, 1),
(1618, 34, 12, 300000, 100, 1),
(1619, 35, 12, 300000, 100, 1),
(1620, 36, 12, 300000, 100, 1),
(1621, 37, 12, 300000, 100, 1),
(1622, 38, 12, 300000, 100, 1),
(1623, 39, 12, 300000, 100, 1),
(1624, 40, 12, 300000, 100, 1),
(1625, 41, 12, 300000, 100, 1),
(1626, 42, 12, 300000, 100, 1),
(1627, 43, 12, 300000, 100, 1),
(1628, 44, 12, 300000, 100, 1),
(1629, 45, 12, 300000, 100, 1),
(1630, 46, 12, 300000, 100, 1),
(1631, 47, 12, 300000, 100, 1),
(1632, 48, 12, 300000, 100, 1),
(1633, 49, 12, 300000, 100, 1),
(1634, 50, 12, 300000, 100, 1),
(1635, 51, 12, 300000, 100, 1),
(1636, 52, 12, 300000, 100, 1),
(1637, 53, 12, 300000, 100, 1),
(1638, 54, 12, 300000, 100, 1),
(1639, 55, 12, 300000, 100, 1),
(1640, 56, 12, 300000, 100, 1),
(1641, 57, 12, 300000, 100, 1),
(1642, 58, 12, 300000, 100, 1),
(1643, 59, 12, 300000, 100, 1),
(1644, 60, 12, 300000, 100, 1),
(1645, 61, 12, 300000, 100, 1),
(1646, 62, 12, 300000, 100, 1),
(1647, 63, 12, 300000, 100, 1),
(1648, 64, 12, 300000, 100, 1),
(1649, 65, 12, 300000, 100, 1),
(1650, 66, 12, 300000, 100, 1),
(1651, 67, 12, 300000, 100, 1),
(1652, 68, 12, 300000, 100, 1),
(1653, 69, 12, 300000, 100, 1),
(1654, 70, 12, 300000, 100, 1),
(1655, 71, 12, 300000, 100, 1),
(1656, 72, 12, 300000, 100, 1),
(1657, 73, 12, 300000, 100, 1),
(1658, 74, 12, 300000, 100, 1),
(1659, 75, 12, 300000, 100, 1),
(1660, 76, 12, 300000, 100, 1),
(1661, 77, 12, 300000, 100, 1),
(1662, 78, 12, 300000, 100, 1),
(1663, 79, 12, 300000, 100, 1),
(1664, 80, 12, 300000, 100, 1),
(1665, 81, 12, 300000, 100, 1),
(1666, 82, 12, 300000, 100, 1),
(1667, 83, 12, 300000, 100, 1),
(1668, 84, 12, 300000, 100, 1),
(1669, 85, 12, 300000, 100, 1),
(1670, 86, 12, 300000, 100, 1),
(1671, 87, 12, 300000, 100, 1),
(1672, 88, 12, 300000, 100, 1),
(1673, 89, 12, 300000, 100, 1),
(1674, 90, 12, 300000, 100, 1),
(1675, 91, 12, 300000, 100, 1),
(1676, 92, 12, 300000, 100, 1),
(1677, 93, 12, 300000, 100, 1),
(1678, 94, 12, 300000, 100, 1),
(1679, 95, 12, 300000, 100, 1),
(1680, 96, 12, 300000, 100, 1),
(1681, 97, 12, 300000, 100, 1),
(1682, 98, 12, 300000, 100, 1),
(1683, 99, 12, 300000, 100, 1),
(1684, 100, 12, 300000, 100, 1),
(1685, 101, 12, 300000, 100, 1),
(1686, 102, 12, 300000, 100, 1),
(1687, 103, 12, 300000, 100, 1),
(1688, 104, 12, 300000, 100, 1),
(1689, 105, 12, 300000, 100, 1),
(1690, 106, 12, 300000, 100, 1),
(1691, 107, 12, 300000, 100, 1),
(1692, 108, 12, 300000, 100, 1),
(1693, 109, 12, 300000, 100, 1),
(1694, 110, 12, 300000, 100, 1),
(1695, 111, 12, 300000, 100, 1),
(1696, 112, 12, 300000, 100, 1),
(1697, 113, 12, 300000, 100, 1),
(1698, 114, 12, 300000, 100, 1),
(1699, 115, 12, 300000, 100, 1),
(1700, 116, 12, 300000, 100, 1),
(1701, 117, 12, 300000, 100, 1),
(1702, 118, 12, 300000, 100, 1),
(1703, 119, 12, 300000, 100, 1),
(1704, 120, 12, 300000, 100, 1),
(1705, 121, 12, 300000, 100, 1),
(1706, 122, 12, 300000, 100, 1),
(1707, 123, 12, 300000, 100, 1),
(1708, 124, 12, 300000, 100, 1),
(1709, 125, 12, 300000, 100, 1),
(1710, 126, 12, 300000, 100, 1),
(1711, 127, 12, 300000, 100, 1),
(1712, 128, 12, 300000, 100, 1),
(1713, 129, 12, 300000, 100, 1),
(1714, 130, 12, 300000, 100, 1),
(1715, 131, 12, 300000, 100, 1),
(1716, 132, 12, 300000, 100, 1),
(1717, 133, 12, 300000, 100, 1),
(1718, 134, 12, 300000, 100, 1),
(1719, 135, 12, 300000, 100, 1),
(1720, 136, 12, 300000, 100, 1),
(1721, 137, 12, 300000, 100, 1),
(1722, 138, 12, 300000, 100, 1),
(1723, 139, 12, 300000, 100, 1),
(1724, 140, 12, 300000, 100, 1),
(1725, 141, 12, 300000, 100, 1),
(1726, 142, 12, 300000, 100, 1),
(1727, 143, 12, 300000, 100, 1),
(1728, 144, 12, 300000, 100, 1),
(1729, 1, 13, 300000, 100, 1);
INSERT INTO `city_services` (`id`, `city_id`, `service_id`, `price`, `order_no`, `active`) VALUES
(1730, 2, 13, 300000, 100, 1),
(1731, 3, 13, 300000, 100, 1),
(1732, 4, 13, 300000, 100, 1),
(1733, 5, 13, 300000, 100, 1),
(1734, 6, 13, 300000, 100, 1),
(1735, 7, 13, 300000, 100, 1),
(1736, 8, 13, 300000, 100, 1),
(1737, 9, 13, 300000, 100, 1),
(1738, 10, 13, 300000, 100, 1),
(1739, 11, 13, 300000, 100, 1),
(1740, 12, 13, 300000, 100, 1),
(1741, 13, 13, 300000, 100, 1),
(1742, 14, 13, 300000, 100, 1),
(1743, 15, 13, 300000, 100, 1),
(1744, 16, 13, 300000, 100, 1),
(1745, 17, 13, 300000, 100, 1),
(1746, 18, 13, 300000, 100, 1),
(1747, 19, 13, 300000, 100, 1),
(1748, 20, 13, 300000, 100, 1),
(1749, 21, 13, 300000, 100, 1),
(1750, 22, 13, 300000, 100, 1),
(1751, 23, 13, 300000, 100, 1),
(1752, 24, 13, 300000, 100, 1),
(1753, 25, 13, 300000, 100, 1),
(1754, 26, 13, 300000, 100, 1),
(1755, 27, 13, 300000, 100, 1),
(1756, 28, 13, 300000, 100, 1),
(1757, 29, 13, 300000, 100, 1),
(1758, 30, 13, 300000, 100, 1),
(1759, 31, 13, 300000, 100, 1),
(1760, 32, 13, 300000, 100, 1),
(1761, 33, 13, 300000, 100, 1),
(1762, 34, 13, 300000, 100, 1),
(1763, 35, 13, 300000, 100, 1),
(1764, 36, 13, 300000, 100, 1),
(1765, 37, 13, 300000, 100, 1),
(1766, 38, 13, 300000, 100, 1),
(1767, 39, 13, 300000, 100, 1),
(1768, 40, 13, 300000, 100, 1),
(1769, 41, 13, 300000, 100, 1),
(1770, 42, 13, 300000, 100, 1),
(1771, 43, 13, 300000, 100, 1),
(1772, 44, 13, 300000, 100, 1),
(1773, 45, 13, 300000, 100, 1),
(1774, 46, 13, 300000, 100, 1),
(1775, 47, 13, 300000, 100, 1),
(1776, 48, 13, 300000, 100, 1),
(1777, 49, 13, 300000, 100, 1),
(1778, 50, 13, 300000, 100, 1),
(1779, 51, 13, 300000, 100, 1),
(1780, 52, 13, 300000, 100, 1),
(1781, 53, 13, 300000, 100, 1),
(1782, 54, 13, 300000, 100, 1),
(1783, 55, 13, 300000, 100, 1),
(1784, 56, 13, 300000, 100, 1),
(1785, 57, 13, 300000, 100, 1),
(1786, 58, 13, 300000, 100, 1),
(1787, 59, 13, 300000, 100, 1),
(1788, 60, 13, 300000, 100, 1),
(1789, 61, 13, 300000, 100, 1),
(1790, 62, 13, 300000, 100, 1),
(1791, 63, 13, 300000, 100, 1),
(1792, 64, 13, 300000, 100, 1),
(1793, 65, 13, 300000, 100, 1),
(1794, 66, 13, 300000, 100, 1),
(1795, 67, 13, 300000, 100, 1),
(1796, 68, 13, 300000, 100, 1),
(1797, 69, 13, 300000, 100, 1),
(1798, 70, 13, 300000, 100, 1),
(1799, 71, 13, 300000, 100, 1),
(1800, 72, 13, 300000, 100, 1),
(1801, 73, 13, 300000, 100, 1),
(1802, 74, 13, 300000, 100, 1),
(1803, 75, 13, 300000, 100, 1),
(1804, 76, 13, 300000, 100, 1),
(1805, 77, 13, 300000, 100, 1),
(1806, 78, 13, 300000, 100, 1),
(1807, 79, 13, 300000, 100, 1),
(1808, 80, 13, 300000, 100, 1),
(1809, 81, 13, 300000, 100, 1),
(1810, 82, 13, 300000, 100, 1),
(1811, 83, 13, 300000, 100, 1),
(1812, 84, 13, 300000, 100, 1),
(1813, 85, 13, 300000, 100, 1),
(1814, 86, 13, 300000, 100, 1),
(1815, 87, 13, 300000, 100, 1),
(1816, 88, 13, 300000, 100, 1),
(1817, 89, 13, 300000, 100, 1),
(1818, 90, 13, 300000, 100, 1),
(1819, 91, 13, 300000, 100, 1),
(1820, 92, 13, 300000, 100, 1),
(1821, 93, 13, 300000, 100, 1),
(1822, 94, 13, 300000, 100, 1),
(1823, 95, 13, 300000, 100, 1),
(1824, 96, 13, 300000, 100, 1),
(1825, 97, 13, 300000, 100, 1),
(1826, 98, 13, 300000, 100, 1),
(1827, 99, 13, 300000, 100, 1),
(1828, 100, 13, 300000, 100, 1),
(1829, 101, 13, 300000, 100, 1),
(1830, 102, 13, 300000, 100, 1),
(1831, 103, 13, 300000, 100, 1),
(1832, 104, 13, 300000, 100, 1),
(1833, 105, 13, 300000, 100, 1),
(1834, 106, 13, 300000, 100, 1),
(1835, 107, 13, 300000, 100, 1),
(1836, 108, 13, 300000, 100, 1),
(1837, 109, 13, 300000, 100, 1),
(1838, 110, 13, 300000, 100, 1),
(1839, 111, 13, 300000, 100, 1),
(1840, 112, 13, 300000, 100, 1),
(1841, 113, 13, 300000, 100, 1),
(1842, 114, 13, 300000, 100, 1),
(1843, 115, 13, 300000, 100, 1),
(1844, 116, 13, 300000, 100, 1),
(1845, 117, 13, 300000, 100, 1),
(1846, 118, 13, 300000, 100, 1),
(1847, 119, 13, 300000, 100, 1),
(1848, 120, 13, 300000, 100, 1),
(1849, 121, 13, 300000, 100, 1),
(1850, 122, 13, 300000, 100, 1),
(1851, 123, 13, 300000, 100, 1),
(1852, 124, 13, 300000, 100, 1),
(1853, 125, 13, 300000, 100, 1),
(1854, 126, 13, 300000, 100, 1),
(1855, 127, 13, 300000, 100, 1),
(1856, 128, 13, 300000, 100, 1),
(1857, 129, 13, 300000, 100, 1),
(1858, 130, 13, 300000, 100, 1),
(1859, 131, 13, 300000, 100, 1),
(1860, 132, 13, 300000, 100, 1),
(1861, 133, 13, 300000, 100, 1),
(1862, 134, 13, 300000, 100, 1),
(1863, 135, 13, 300000, 100, 1),
(1864, 136, 13, 300000, 100, 1),
(1865, 137, 13, 300000, 100, 1),
(1866, 138, 13, 300000, 100, 1),
(1867, 139, 13, 300000, 100, 1),
(1868, 140, 13, 300000, 100, 1),
(1869, 141, 13, 300000, 100, 1),
(1870, 142, 13, 300000, 100, 1),
(1871, 143, 13, 300000, 100, 1),
(1872, 144, 13, 300000, 100, 1),
(1873, 1, 14, 300000, 100, 1),
(1874, 2, 14, 300000, 100, 1),
(1875, 3, 14, 300000, 100, 1),
(1876, 4, 14, 300000, 100, 1),
(1877, 5, 14, 300000, 100, 1),
(1878, 6, 14, 300000, 100, 1),
(1879, 7, 14, 300000, 100, 1),
(1880, 8, 14, 300000, 100, 1),
(1881, 9, 14, 300000, 100, 1),
(1882, 10, 14, 300000, 100, 1),
(1883, 11, 14, 300000, 100, 1),
(1884, 12, 14, 300000, 100, 1),
(1885, 13, 14, 300000, 100, 1),
(1886, 14, 14, 300000, 100, 1),
(1887, 15, 14, 300000, 100, 1),
(1888, 16, 14, 300000, 100, 1),
(1889, 17, 14, 300000, 100, 1),
(1890, 18, 14, 300000, 100, 1),
(1891, 19, 14, 300000, 100, 1),
(1892, 20, 14, 300000, 100, 1),
(1893, 21, 14, 300000, 100, 1),
(1894, 22, 14, 300000, 100, 1),
(1895, 23, 14, 300000, 100, 1),
(1896, 24, 14, 300000, 100, 1),
(1897, 25, 14, 300000, 100, 1),
(1898, 26, 14, 300000, 100, 1),
(1899, 27, 14, 300000, 100, 1),
(1900, 28, 14, 300000, 100, 1),
(1901, 29, 14, 300000, 100, 1),
(1902, 30, 14, 300000, 100, 1),
(1903, 31, 14, 300000, 100, 1),
(1904, 32, 14, 300000, 100, 1),
(1905, 33, 14, 300000, 100, 1),
(1906, 34, 14, 300000, 100, 1),
(1907, 35, 14, 300000, 100, 1),
(1908, 36, 14, 300000, 100, 1),
(1909, 37, 14, 300000, 100, 1),
(1910, 38, 14, 300000, 100, 1),
(1911, 39, 14, 300000, 100, 1),
(1912, 40, 14, 300000, 100, 1),
(1913, 41, 14, 300000, 100, 1),
(1914, 42, 14, 300000, 100, 1),
(1915, 43, 14, 300000, 100, 1),
(1916, 44, 14, 300000, 100, 1),
(1917, 45, 14, 300000, 100, 1),
(1918, 46, 14, 300000, 100, 1),
(1919, 47, 14, 300000, 100, 1),
(1920, 48, 14, 300000, 100, 1),
(1921, 49, 14, 300000, 100, 1),
(1922, 50, 14, 300000, 100, 1),
(1923, 51, 14, 300000, 100, 1),
(1924, 52, 14, 300000, 100, 1),
(1925, 53, 14, 300000, 100, 1),
(1926, 54, 14, 300000, 100, 1),
(1927, 55, 14, 300000, 100, 1),
(1928, 56, 14, 300000, 100, 1),
(1929, 57, 14, 300000, 100, 1),
(1930, 58, 14, 300000, 100, 1),
(1931, 59, 14, 300000, 100, 1),
(1932, 60, 14, 300000, 100, 1),
(1933, 61, 14, 300000, 100, 1),
(1934, 62, 14, 300000, 100, 1),
(1935, 63, 14, 300000, 100, 1),
(1936, 64, 14, 300000, 100, 1),
(1937, 65, 14, 300000, 100, 1),
(1938, 66, 14, 300000, 100, 1),
(1939, 67, 14, 300000, 100, 1),
(1940, 68, 14, 300000, 100, 1),
(1941, 69, 14, 300000, 100, 1),
(1942, 70, 14, 300000, 100, 1),
(1943, 71, 14, 300000, 100, 1),
(1944, 72, 14, 300000, 100, 1),
(1945, 73, 14, 300000, 100, 1),
(1946, 74, 14, 300000, 100, 1),
(1947, 75, 14, 300000, 100, 1),
(1948, 76, 14, 300000, 100, 1),
(1949, 77, 14, 300000, 100, 1),
(1950, 78, 14, 300000, 100, 1),
(1951, 79, 14, 300000, 100, 1),
(1952, 80, 14, 300000, 100, 1),
(1953, 81, 14, 300000, 100, 1),
(1954, 82, 14, 300000, 100, 1),
(1955, 83, 14, 300000, 100, 1),
(1956, 84, 14, 300000, 100, 1),
(1957, 85, 14, 300000, 100, 1),
(1958, 86, 14, 300000, 100, 1),
(1959, 87, 14, 300000, 100, 1),
(1960, 88, 14, 300000, 100, 1),
(1961, 89, 14, 300000, 100, 1),
(1962, 90, 14, 300000, 100, 1),
(1963, 91, 14, 300000, 100, 1),
(1964, 92, 14, 300000, 100, 1),
(1965, 93, 14, 300000, 100, 1),
(1966, 94, 14, 300000, 100, 1),
(1967, 95, 14, 300000, 100, 1),
(1968, 96, 14, 300000, 100, 1),
(1969, 97, 14, 300000, 100, 1),
(1970, 98, 14, 300000, 100, 1),
(1971, 99, 14, 300000, 100, 1),
(1972, 100, 14, 300000, 100, 1),
(1973, 101, 14, 300000, 100, 1),
(1974, 102, 14, 300000, 100, 1),
(1975, 103, 14, 300000, 100, 1),
(1976, 104, 14, 300000, 100, 1),
(1977, 105, 14, 300000, 100, 1),
(1978, 106, 14, 300000, 100, 1),
(1979, 107, 14, 300000, 100, 1),
(1980, 108, 14, 300000, 100, 1),
(1981, 109, 14, 300000, 100, 1),
(1982, 110, 14, 300000, 100, 1),
(1983, 111, 14, 300000, 100, 1),
(1984, 112, 14, 300000, 100, 1),
(1985, 113, 14, 300000, 100, 1),
(1986, 114, 14, 300000, 100, 1),
(1987, 115, 14, 300000, 100, 1),
(1988, 116, 14, 300000, 100, 1),
(1989, 117, 14, 300000, 100, 1),
(1990, 118, 14, 300000, 100, 1),
(1991, 119, 14, 300000, 100, 1),
(1992, 120, 14, 300000, 100, 1),
(1993, 121, 14, 300000, 100, 1),
(1994, 122, 14, 300000, 100, 1),
(1995, 123, 14, 300000, 100, 1),
(1996, 124, 14, 300000, 100, 1),
(1997, 125, 14, 300000, 100, 1),
(1998, 126, 14, 300000, 100, 1),
(1999, 127, 14, 300000, 100, 1),
(2000, 128, 14, 300000, 100, 1),
(2001, 129, 14, 300000, 100, 1),
(2002, 130, 14, 300000, 100, 1),
(2003, 131, 14, 300000, 100, 1),
(2004, 132, 14, 300000, 100, 1),
(2005, 133, 14, 300000, 100, 1),
(2006, 134, 14, 300000, 100, 1),
(2007, 135, 14, 300000, 100, 1),
(2008, 136, 14, 300000, 100, 1),
(2009, 137, 14, 300000, 100, 1),
(2010, 138, 14, 300000, 100, 1),
(2011, 139, 14, 300000, 100, 1),
(2012, 140, 14, 300000, 100, 1),
(2013, 141, 14, 300000, 100, 1),
(2014, 142, 14, 300000, 100, 1),
(2015, 143, 14, 300000, 100, 1),
(2016, 144, 14, 300000, 100, 1),
(2017, 1, 15, 300000, 100, 1),
(2018, 2, 15, 300000, 100, 1),
(2019, 3, 15, 300000, 100, 1),
(2020, 4, 15, 300000, 100, 1),
(2021, 5, 15, 300000, 100, 1),
(2022, 6, 15, 300000, 100, 1),
(2023, 7, 15, 300000, 100, 1),
(2024, 8, 15, 300000, 100, 1),
(2025, 9, 15, 300000, 100, 1),
(2026, 10, 15, 300000, 100, 1),
(2027, 11, 15, 300000, 100, 1),
(2028, 12, 15, 300000, 100, 1),
(2029, 13, 15, 300000, 100, 1),
(2030, 14, 15, 300000, 100, 1),
(2031, 15, 15, 300000, 100, 1),
(2032, 16, 15, 300000, 100, 1),
(2033, 17, 15, 300000, 100, 1),
(2034, 18, 15, 300000, 100, 1),
(2035, 19, 15, 300000, 100, 1),
(2036, 20, 15, 300000, 100, 1),
(2037, 21, 15, 300000, 100, 1),
(2038, 22, 15, 300000, 100, 1),
(2039, 23, 15, 300000, 100, 1),
(2040, 24, 15, 300000, 100, 1),
(2041, 25, 15, 300000, 100, 1),
(2042, 26, 15, 300000, 100, 1),
(2043, 27, 15, 300000, 100, 1),
(2044, 28, 15, 300000, 100, 1),
(2045, 29, 15, 300000, 100, 1),
(2046, 30, 15, 300000, 100, 1),
(2047, 31, 15, 300000, 100, 1),
(2048, 32, 15, 300000, 100, 1),
(2049, 33, 15, 300000, 100, 1),
(2050, 34, 15, 300000, 100, 1),
(2051, 35, 15, 300000, 100, 1),
(2052, 36, 15, 300000, 100, 1),
(2053, 37, 15, 300000, 100, 1),
(2054, 38, 15, 300000, 100, 1),
(2055, 39, 15, 300000, 100, 1),
(2056, 40, 15, 300000, 100, 1),
(2057, 41, 15, 300000, 100, 1),
(2058, 42, 15, 300000, 100, 1),
(2059, 43, 15, 300000, 100, 1),
(2060, 44, 15, 300000, 100, 1),
(2061, 45, 15, 300000, 100, 1),
(2062, 46, 15, 300000, 100, 1),
(2063, 47, 15, 300000, 100, 1),
(2064, 48, 15, 300000, 100, 1),
(2065, 49, 15, 300000, 100, 1),
(2066, 50, 15, 300000, 100, 1),
(2067, 51, 15, 300000, 100, 1),
(2068, 52, 15, 300000, 100, 1),
(2069, 53, 15, 300000, 100, 1),
(2070, 54, 15, 300000, 100, 1),
(2071, 55, 15, 300000, 100, 1),
(2072, 56, 15, 300000, 100, 1),
(2073, 57, 15, 300000, 100, 1),
(2074, 58, 15, 300000, 100, 1),
(2075, 59, 15, 300000, 100, 1),
(2076, 60, 15, 300000, 100, 1),
(2077, 61, 15, 300000, 100, 1),
(2078, 62, 15, 300000, 100, 1),
(2079, 63, 15, 300000, 100, 1),
(2080, 64, 15, 300000, 100, 1),
(2081, 65, 15, 300000, 100, 1),
(2082, 66, 15, 300000, 100, 1),
(2083, 67, 15, 300000, 100, 1),
(2084, 68, 15, 300000, 100, 1),
(2085, 69, 15, 300000, 100, 1),
(2086, 70, 15, 300000, 100, 1),
(2087, 71, 15, 300000, 100, 1),
(2088, 72, 15, 300000, 100, 1),
(2089, 73, 15, 300000, 100, 1),
(2090, 74, 15, 300000, 100, 1),
(2091, 75, 15, 300000, 100, 1),
(2092, 76, 15, 300000, 100, 1),
(2093, 77, 15, 300000, 100, 1),
(2094, 78, 15, 300000, 100, 1),
(2095, 79, 15, 300000, 100, 1),
(2096, 80, 15, 300000, 100, 1),
(2097, 81, 15, 300000, 100, 1),
(2098, 82, 15, 300000, 100, 1),
(2099, 83, 15, 300000, 100, 1),
(2100, 84, 15, 300000, 100, 1),
(2101, 85, 15, 300000, 100, 1),
(2102, 86, 15, 300000, 100, 1),
(2103, 87, 15, 300000, 100, 1),
(2104, 88, 15, 300000, 100, 1),
(2105, 89, 15, 300000, 100, 1),
(2106, 90, 15, 300000, 100, 1),
(2107, 91, 15, 300000, 100, 1),
(2108, 92, 15, 300000, 100, 1),
(2109, 93, 15, 300000, 100, 1),
(2110, 94, 15, 300000, 100, 1),
(2111, 95, 15, 300000, 100, 1),
(2112, 96, 15, 300000, 100, 1),
(2113, 97, 15, 300000, 100, 1),
(2114, 98, 15, 300000, 100, 1),
(2115, 99, 15, 300000, 100, 1),
(2116, 100, 15, 300000, 100, 1),
(2117, 101, 15, 300000, 100, 1),
(2118, 102, 15, 300000, 100, 1),
(2119, 103, 15, 300000, 100, 1),
(2120, 104, 15, 300000, 100, 1),
(2121, 105, 15, 300000, 100, 1),
(2122, 106, 15, 300000, 100, 1),
(2123, 107, 15, 300000, 100, 1),
(2124, 108, 15, 300000, 100, 1),
(2125, 109, 15, 300000, 100, 1),
(2126, 110, 15, 300000, 100, 1),
(2127, 111, 15, 300000, 100, 1),
(2128, 112, 15, 300000, 100, 1),
(2129, 113, 15, 300000, 100, 1),
(2130, 114, 15, 300000, 100, 1),
(2131, 115, 15, 300000, 100, 1),
(2132, 116, 15, 300000, 100, 1),
(2133, 117, 15, 300000, 100, 1),
(2134, 118, 15, 300000, 100, 1),
(2135, 119, 15, 300000, 100, 1),
(2136, 120, 15, 300000, 100, 1),
(2137, 121, 15, 300000, 100, 1),
(2138, 122, 15, 300000, 100, 1),
(2139, 123, 15, 300000, 100, 1),
(2140, 124, 15, 300000, 100, 1),
(2141, 125, 15, 300000, 100, 1),
(2142, 126, 15, 300000, 100, 1),
(2143, 127, 15, 300000, 100, 1),
(2144, 128, 15, 300000, 100, 1),
(2145, 129, 15, 300000, 100, 1),
(2146, 130, 15, 300000, 100, 1),
(2147, 131, 15, 300000, 100, 1),
(2148, 132, 15, 300000, 100, 1),
(2149, 133, 15, 300000, 100, 1),
(2150, 134, 15, 300000, 100, 1),
(2151, 135, 15, 300000, 100, 1),
(2152, 136, 15, 300000, 100, 1),
(2153, 137, 15, 300000, 100, 1),
(2154, 138, 15, 300000, 100, 1),
(2155, 139, 15, 300000, 100, 1),
(2156, 140, 15, 300000, 100, 1),
(2157, 141, 15, 300000, 100, 1),
(2158, 142, 15, 300000, 100, 1),
(2159, 143, 15, 300000, 100, 1),
(2160, 144, 15, 300000, 100, 1),
(2161, 1, 16, 300000, 100, 1),
(2162, 2, 16, 300000, 100, 1),
(2163, 3, 16, 300000, 100, 1),
(2164, 4, 16, 300000, 100, 1),
(2165, 5, 16, 300000, 100, 1),
(2166, 6, 16, 300000, 100, 1),
(2167, 7, 16, 300000, 100, 1),
(2168, 8, 16, 300000, 100, 1),
(2169, 9, 16, 300000, 100, 1),
(2170, 10, 16, 300000, 100, 1),
(2171, 11, 16, 300000, 100, 1),
(2172, 12, 16, 300000, 100, 1),
(2173, 13, 16, 300000, 100, 1),
(2174, 14, 16, 300000, 100, 1),
(2175, 15, 16, 300000, 100, 1),
(2176, 16, 16, 300000, 100, 1),
(2177, 17, 16, 300000, 100, 1),
(2178, 18, 16, 300000, 100, 1),
(2179, 19, 16, 300000, 100, 1),
(2180, 20, 16, 300000, 100, 1),
(2181, 21, 16, 300000, 100, 1),
(2182, 22, 16, 300000, 100, 1),
(2183, 23, 16, 300000, 100, 1),
(2184, 24, 16, 300000, 100, 1),
(2185, 25, 16, 300000, 100, 1),
(2186, 26, 16, 300000, 100, 1),
(2187, 27, 16, 300000, 100, 1),
(2188, 28, 16, 300000, 100, 1),
(2189, 29, 16, 300000, 100, 1),
(2190, 30, 16, 300000, 100, 1),
(2191, 31, 16, 300000, 100, 1),
(2192, 32, 16, 300000, 100, 1),
(2193, 33, 16, 300000, 100, 1),
(2194, 34, 16, 300000, 100, 1),
(2195, 35, 16, 300000, 100, 1),
(2196, 36, 16, 300000, 100, 1),
(2197, 37, 16, 300000, 100, 1),
(2198, 38, 16, 300000, 100, 1),
(2199, 39, 16, 300000, 100, 1),
(2200, 40, 16, 300000, 100, 1),
(2201, 41, 16, 300000, 100, 1),
(2202, 42, 16, 300000, 100, 1),
(2203, 43, 16, 300000, 100, 1),
(2204, 44, 16, 300000, 100, 1),
(2205, 45, 16, 300000, 100, 1),
(2206, 46, 16, 300000, 100, 1),
(2207, 47, 16, 300000, 100, 1),
(2208, 48, 16, 300000, 100, 1),
(2209, 49, 16, 300000, 100, 1),
(2210, 50, 16, 300000, 100, 1),
(2211, 51, 16, 300000, 100, 1),
(2212, 52, 16, 300000, 100, 1),
(2213, 53, 16, 300000, 100, 1),
(2214, 54, 16, 300000, 100, 1),
(2215, 55, 16, 300000, 100, 1),
(2216, 56, 16, 300000, 100, 1),
(2217, 57, 16, 300000, 100, 1),
(2218, 58, 16, 300000, 100, 1),
(2219, 59, 16, 300000, 100, 1),
(2220, 60, 16, 300000, 100, 1),
(2221, 61, 16, 300000, 100, 1),
(2222, 62, 16, 300000, 100, 1),
(2223, 63, 16, 300000, 100, 1),
(2224, 64, 16, 300000, 100, 1),
(2225, 65, 16, 300000, 100, 1),
(2226, 66, 16, 300000, 100, 1),
(2227, 67, 16, 300000, 100, 1),
(2228, 68, 16, 300000, 100, 1),
(2229, 69, 16, 300000, 100, 1),
(2230, 70, 16, 300000, 100, 1),
(2231, 71, 16, 300000, 100, 1),
(2232, 72, 16, 300000, 100, 1),
(2233, 73, 16, 300000, 100, 1),
(2234, 74, 16, 300000, 100, 1),
(2235, 75, 16, 300000, 100, 1),
(2236, 76, 16, 300000, 100, 1),
(2237, 77, 16, 300000, 100, 1),
(2238, 78, 16, 300000, 100, 1),
(2239, 79, 16, 300000, 100, 1),
(2240, 80, 16, 300000, 100, 1),
(2241, 81, 16, 300000, 100, 1),
(2242, 82, 16, 300000, 100, 1),
(2243, 83, 16, 300000, 100, 1),
(2244, 84, 16, 300000, 100, 1),
(2245, 85, 16, 300000, 100, 1),
(2246, 86, 16, 300000, 100, 1),
(2247, 87, 16, 300000, 100, 1),
(2248, 88, 16, 300000, 100, 1),
(2249, 89, 16, 300000, 100, 1),
(2250, 90, 16, 300000, 100, 1),
(2251, 91, 16, 300000, 100, 1),
(2252, 92, 16, 300000, 100, 1),
(2253, 93, 16, 300000, 100, 1),
(2254, 94, 16, 300000, 100, 1),
(2255, 95, 16, 300000, 100, 1),
(2256, 96, 16, 300000, 100, 1),
(2257, 97, 16, 300000, 100, 1),
(2258, 98, 16, 300000, 100, 1),
(2259, 99, 16, 300000, 100, 1),
(2260, 100, 16, 300000, 100, 1),
(2261, 101, 16, 300000, 100, 1),
(2262, 102, 16, 300000, 100, 1),
(2263, 103, 16, 300000, 100, 1),
(2264, 104, 16, 300000, 100, 1),
(2265, 105, 16, 300000, 100, 1),
(2266, 106, 16, 300000, 100, 1),
(2267, 107, 16, 300000, 100, 1),
(2268, 108, 16, 300000, 100, 1),
(2269, 109, 16, 300000, 100, 1),
(2270, 110, 16, 300000, 100, 1),
(2271, 111, 16, 300000, 100, 1),
(2272, 112, 16, 300000, 100, 1),
(2273, 113, 16, 300000, 100, 1),
(2274, 114, 16, 300000, 100, 1),
(2275, 115, 16, 300000, 100, 1),
(2276, 116, 16, 300000, 100, 1),
(2277, 117, 16, 300000, 100, 1),
(2278, 118, 16, 300000, 100, 1),
(2279, 119, 16, 300000, 100, 1),
(2280, 120, 16, 300000, 100, 1),
(2281, 121, 16, 300000, 100, 1),
(2282, 122, 16, 300000, 100, 1),
(2283, 123, 16, 300000, 100, 1),
(2284, 124, 16, 300000, 100, 1),
(2285, 125, 16, 300000, 100, 1),
(2286, 126, 16, 300000, 100, 1),
(2287, 127, 16, 300000, 100, 1),
(2288, 128, 16, 300000, 100, 1),
(2289, 129, 16, 300000, 100, 1),
(2290, 130, 16, 300000, 100, 1),
(2291, 131, 16, 300000, 100, 1),
(2292, 132, 16, 300000, 100, 1),
(2293, 133, 16, 300000, 100, 1),
(2294, 134, 16, 300000, 100, 1),
(2295, 135, 16, 300000, 100, 1),
(2296, 136, 16, 300000, 100, 1),
(2297, 137, 16, 300000, 100, 1),
(2298, 138, 16, 300000, 100, 1),
(2299, 139, 16, 300000, 100, 1),
(2300, 140, 16, 300000, 100, 1),
(2301, 141, 16, 300000, 100, 1),
(2302, 142, 16, 300000, 100, 1),
(2303, 143, 16, 300000, 100, 1),
(2304, 144, 16, 300000, 100, 1);

-- --------------------------------------------------------

--
-- Table structure for table `city_staff`
--

CREATE TABLE `city_staff` (
  `id` bigint(20) UNSIGNED NOT NULL,
  `city_id` bigint(20) UNSIGNED NOT NULL,
  `staff_id` bigint(20) UNSIGNED NOT NULL,
  `order_no` int(11) NOT NULL DEFAULT '100',
  `active` tinyint(1) NOT NULL DEFAULT '1'
) ENGINE=InnoDB DEFAULT CHARSET=utf8mb4 COLLATE=utf8mb4_unicode_ci;

--
-- Dumping data for table `city_staff`
--

INSERT INTO `city_staff` (`id`, `city_id`, `staff_id`, `order_no`, `active`) VALUES
(1, 1, 1, 100, 1),
(2, 2, 1, 100, 1),
(3, 3, 1, 100, 1),
(4, 4, 1, 100, 1),
(5, 5, 1, 100, 1),
(6, 6, 1, 100, 1),
(7, 7, 1, 100, 1),
(8, 8, 1, 100, 1),
(9, 9, 1, 100, 1),
(10, 10, 1, 100, 1),
(11, 11, 1, 100, 1),
(12, 12, 1, 100, 1),
(13, 13, 1, 100, 1),
(14, 14, 1, 100, 1),
(15, 15, 1, 100, 1),
(16, 16, 1, 100, 1),
(17, 17, 1, 100, 1),
(18, 18, 1, 100, 1),
(19, 19, 1, 100, 1),
(20, 20, 1, 100, 1),
(21, 21, 1, 100, 1),
(22, 22, 1, 100, 1),
(23, 23, 1, 100, 1),
(24, 24, 1, 100, 1),
(25, 25, 1, 100, 1),
(26, 26, 1, 100, 1),
(27, 27, 1, 100, 1),
(28, 28, 1, 100, 1),
(29, 29, 1, 100, 1),
(30, 30, 1, 100, 1),
(31, 31, 1, 100, 1),
(32, 32, 1, 100, 1),
(33, 33, 1, 100, 1),
(34, 34, 1, 100, 1),
(35, 35, 1, 100, 1),
(36, 36, 1, 100, 1),
(37, 37, 1, 100, 1),
(38, 38, 1, 100, 1),
(39, 39, 1, 100, 1),
(40, 40, 1, 100, 1),
(41, 41, 1, 100, 1),
(42, 42, 1, 100, 1),
(43, 43, 1, 100, 1),
(44, 44, 1, 100, 1),
(45, 45, 1, 100, 1),
(46, 46, 1, 100, 1),
(47, 47, 1, 100, 1),
(48, 48, 1, 100, 1),
(49, 49, 1, 100, 1),
(50, 50, 1, 100, 1),
(51, 51, 1, 100, 1),
(52, 52, 1, 100, 1),
(53, 53, 1, 100, 1),
(54, 54, 1, 100, 1),
(55, 55, 1, 100, 1),
(56, 56, 1, 100, 1),
(57, 57, 1, 100, 1),
(58, 58, 1, 100, 1),
(59, 59, 1, 100, 1),
(60, 60, 1, 100, 1),
(61, 61, 1, 100, 1),
(62, 62, 1, 100, 1),
(63, 63, 1, 100, 1),
(64, 64, 1, 100, 1),
(65, 65, 1, 100, 1),
(66, 66, 1, 100, 1),
(67, 67, 1, 100, 1),
(68, 68, 1, 100, 1),
(69, 69, 1, 100, 1),
(70, 70, 1, 100, 1),
(71, 71, 1, 100, 1),
(72, 72, 1, 100, 1),
(73, 73, 1, 100, 1),
(74, 74, 1, 100, 1),
(75, 75, 1, 100, 1),
(76, 76, 1, 100, 1),
(77, 77, 1, 100, 1),
(78, 78, 1, 100, 1),
(79, 79, 1, 100, 1),
(80, 80, 1, 100, 1),
(81, 81, 1, 100, 1),
(82, 82, 1, 100, 1),
(83, 83, 1, 100, 1),
(84, 84, 1, 100, 1),
(85, 85, 1, 100, 1),
(86, 86, 1, 100, 1),
(87, 87, 1, 100, 1),
(88, 88, 1, 100, 1),
(89, 89, 1, 100, 1),
(90, 90, 1, 100, 1),
(91, 91, 1, 100, 1),
(92, 92, 1, 100, 1),
(93, 93, 1, 100, 1),
(94, 94, 1, 100, 1),
(95, 95, 1, 100, 1),
(96, 96, 1, 100, 1),
(97, 97, 1, 100, 1),
(98, 98, 1, 100, 1),
(99, 99, 1, 100, 1),
(100, 100, 1, 100, 1),
(101, 101, 1, 100, 1),
(102, 102, 1, 100, 1),
(103, 103, 1, 100, 1),
(104, 104, 1, 100, 1),
(105, 105, 1, 100, 1),
(106, 106, 1, 100, 1),
(107, 107, 1, 100, 1),
(108, 108, 1, 100, 1),
(109, 109, 1, 100, 1),
(110, 110, 1, 100, 1),
(111, 111, 1, 100, 1),
(112, 112, 1, 100, 1),
(113, 113, 1, 100, 1),
(114, 114, 1, 100, 1),
(115, 115, 1, 100, 1),
(116, 116, 1, 100, 1),
(117, 117, 1, 100, 1),
(118, 118, 1, 100, 1),
(119, 119, 1, 100, 1),
(120, 120, 1, 100, 1),
(121, 121, 1, 100, 1),
(122, 122, 1, 100, 1),
(123, 123, 1, 100, 1),
(124, 124, 1, 100, 1),
(125, 125, 1, 100, 1),
(126, 126, 1, 100, 1),
(127, 127, 1, 100, 1),
(128, 128, 1, 100, 1),
(129, 129, 1, 100, 1),
(130, 130, 1, 100, 1),
(131, 131, 1, 100, 1),
(132, 132, 1, 100, 1),
(133, 133, 1, 100, 1),
(134, 134, 1, 100, 1),
(135, 135, 1, 100, 1),
(136, 136, 1, 100, 1),
(137, 137, 1, 100, 1),
(138, 138, 1, 100, 1),
(139, 139, 1, 100, 1),
(140, 140, 1, 100, 1),
(141, 141, 1, 100, 1),
(142, 142, 1, 100, 1),
(143, 143, 1, 100, 1),
(144, 144, 1, 100, 1),
(145, 1, 2, 100, 1),
(146, 2, 2, 100, 1),
(147, 3, 2, 100, 1),
(148, 4, 2, 100, 1),
(149, 5, 2, 100, 1),
(150, 6, 2, 100, 1),
(151, 7, 2, 100, 1),
(152, 8, 2, 100, 1),
(153, 9, 2, 100, 1),
(154, 10, 2, 100, 1),
(155, 11, 2, 100, 1),
(156, 12, 2, 100, 1),
(157, 13, 2, 100, 1),
(158, 14, 2, 100, 1),
(159, 15, 2, 100, 1),
(160, 16, 2, 100, 1),
(161, 17, 2, 100, 1),
(162, 18, 2, 100, 1),
(163, 19, 2, 100, 1),
(164, 20, 2, 100, 1),
(165, 21, 2, 100, 1),
(166, 22, 2, 100, 1),
(167, 23, 2, 100, 1),
(168, 24, 2, 100, 1),
(169, 25, 2, 100, 1),
(170, 26, 2, 100, 1),
(171, 27, 2, 100, 1),
(172, 28, 2, 100, 1),
(173, 29, 2, 100, 1),
(174, 30, 2, 100, 1),
(175, 31, 2, 100, 1),
(176, 32, 2, 100, 1),
(177, 33, 2, 100, 1),
(178, 34, 2, 100, 1),
(179, 35, 2, 100, 1),
(180, 36, 2, 100, 1),
(181, 37, 2, 100, 1),
(182, 38, 2, 100, 1),
(183, 39, 2, 100, 1),
(184, 40, 2, 100, 1),
(185, 41, 2, 100, 1),
(186, 42, 2, 100, 1),
(187, 43, 2, 100, 1),
(188, 44, 2, 100, 1),
(189, 45, 2, 100, 1),
(190, 46, 2, 100, 1),
(191, 47, 2, 100, 1),
(192, 48, 2, 100, 1),
(193, 49, 2, 100, 1),
(194, 50, 2, 100, 1),
(195, 51, 2, 100, 1),
(196, 52, 2, 100, 1),
(197, 53, 2, 100, 1),
(198, 54, 2, 100, 1),
(199, 55, 2, 100, 1),
(200, 56, 2, 100, 1),
(201, 57, 2, 100, 1),
(202, 58, 2, 100, 1),
(203, 59, 2, 100, 1),
(204, 60, 2, 100, 1),
(205, 61, 2, 100, 1),
(206, 62, 2, 100, 1),
(207, 63, 2, 100, 1),
(208, 64, 2, 100, 1),
(209, 65, 2, 100, 1),
(210, 66, 2, 100, 1),
(211, 67, 2, 100, 1),
(212, 68, 2, 100, 1),
(213, 69, 2, 100, 1),
(214, 70, 2, 100, 1),
(215, 71, 2, 100, 1),
(216, 72, 2, 100, 1),
(217, 73, 2, 100, 1),
(218, 74, 2, 100, 1),
(219, 75, 2, 100, 1),
(220, 76, 2, 100, 1),
(221, 77, 2, 100, 1),
(222, 78, 2, 100, 1),
(223, 79, 2, 100, 1),
(224, 80, 2, 100, 1),
(225, 81, 2, 100, 1),
(226, 82, 2, 100, 1),
(227, 83, 2, 100, 1),
(228, 84, 2, 100, 1),
(229, 85, 2, 100, 1),
(230, 86, 2, 100, 1),
(231, 87, 2, 100, 1),
(232, 88, 2, 100, 1),
(233, 89, 2, 100, 1),
(234, 90, 2, 100, 1),
(235, 91, 2, 100, 1),
(236, 92, 2, 100, 1),
(237, 93, 2, 100, 1),
(238, 94, 2, 100, 1),
(239, 95, 2, 100, 1),
(240, 96, 2, 100, 1),
(241, 97, 2, 100, 1),
(242, 98, 2, 100, 1),
(243, 99, 2, 100, 1),
(244, 100, 2, 100, 1),
(245, 101, 2, 100, 1),
(246, 102, 2, 100, 1),
(247, 103, 2, 100, 1),
(248, 104, 2, 100, 1),
(249, 105, 2, 100, 1),
(250, 106, 2, 100, 1),
(251, 107, 2, 100, 1),
(252, 108, 2, 100, 1),
(253, 109, 2, 100, 1),
(254, 110, 2, 100, 1),
(255, 111, 2, 100, 1),
(256, 112, 2, 100, 1),
(257, 113, 2, 100, 1),
(258, 114, 2, 100, 1),
(259, 115, 2, 100, 1),
(260, 116, 2, 100, 1),
(261, 117, 2, 100, 1),
(262, 118, 2, 100, 1),
(263, 119, 2, 100, 1),
(264, 120, 2, 100, 1),
(265, 121, 2, 100, 1),
(266, 122, 2, 100, 1),
(267, 123, 2, 100, 1),
(268, 124, 2, 100, 1),
(269, 125, 2, 100, 1),
(270, 126, 2, 100, 1),
(271, 127, 2, 100, 1),
(272, 128, 2, 100, 1),
(273, 129, 2, 100, 1),
(274, 130, 2, 100, 1),
(275, 131, 2, 100, 1),
(276, 132, 2, 100, 1),
(277, 133, 2, 100, 1),
(278, 134, 2, 100, 1),
(279, 135, 2, 100, 1),
(280, 136, 2, 100, 1),
(281, 137, 2, 100, 1),
(282, 138, 2, 100, 1),
(283, 139, 2, 100, 1),
(284, 140, 2, 100, 1),
(285, 141, 2, 100, 1),
(286, 142, 2, 100, 1),
(287, 143, 2, 100, 1),
(288, 144, 2, 100, 1),
(289, 1, 3, 100, 1),
(290, 2, 3, 100, 1),
(291, 3, 3, 100, 1),
(292, 4, 3, 100, 1),
(293, 5, 3, 100, 1),
(294, 6, 3, 100, 1),
(295, 7, 3, 100, 1),
(296, 8, 3, 100, 1),
(297, 9, 3, 100, 1),
(298, 10, 3, 100, 1),
(299, 11, 3, 100, 1),
(300, 12, 3, 100, 1),
(301, 13, 3, 100, 1),
(302, 14, 3, 100, 1),
(303, 15, 3, 100, 1),
(304, 16, 3, 100, 1),
(305, 17, 3, 100, 1),
(306, 18, 3, 100, 1),
(307, 19, 3, 100, 1),
(308, 20, 3, 100, 1),
(309, 21, 3, 100, 1),
(310, 22, 3, 100, 1),
(311, 23, 3, 100, 1),
(312, 24, 3, 100, 1),
(313, 25, 3, 100, 1),
(314, 26, 3, 100, 1),
(315, 27, 3, 100, 1),
(316, 28, 3, 100, 1),
(317, 29, 3, 100, 1),
(318, 30, 3, 100, 1),
(319, 31, 3, 100, 1),
(320, 32, 3, 100, 1),
(321, 33, 3, 100, 1),
(322, 34, 3, 100, 1),
(323, 35, 3, 100, 1),
(324, 36, 3, 100, 1),
(325, 37, 3, 100, 1),
(326, 38, 3, 100, 1),
(327, 39, 3, 100, 1),
(328, 40, 3, 100, 1),
(329, 41, 3, 100, 1),
(330, 42, 3, 100, 1),
(331, 43, 3, 100, 1),
(332, 44, 3, 100, 1),
(333, 45, 3, 100, 1),
(334, 46, 3, 100, 1),
(335, 47, 3, 100, 1),
(336, 48, 3, 100, 1),
(337, 49, 3, 100, 1),
(338, 50, 3, 100, 1),
(339, 51, 3, 100, 1),
(340, 52, 3, 100, 1),
(341, 53, 3, 100, 1),
(342, 54, 3, 100, 1),
(343, 55, 3, 100, 1),
(344, 56, 3, 100, 1),
(345, 57, 3, 100, 1),
(346, 58, 3, 100, 1),
(347, 59, 3, 100, 1),
(348, 60, 3, 100, 1),
(349, 61, 3, 100, 1),
(350, 62, 3, 100, 1),
(351, 63, 3, 100, 1),
(352, 64, 3, 100, 1),
(353, 65, 3, 100, 1),
(354, 66, 3, 100, 1),
(355, 67, 3, 100, 1),
(356, 68, 3, 100, 1),
(357, 69, 3, 100, 1),
(358, 70, 3, 100, 1),
(359, 71, 3, 100, 1),
(360, 72, 3, 100, 1),
(361, 73, 3, 100, 1),
(362, 74, 3, 100, 1),
(363, 75, 3, 100, 1),
(364, 76, 3, 100, 1),
(365, 77, 3, 100, 1),
(366, 78, 3, 100, 1),
(367, 79, 3, 100, 1),
(368, 80, 3, 100, 1),
(369, 81, 3, 100, 1),
(370, 82, 3, 100, 1),
(371, 83, 3, 100, 1),
(372, 84, 3, 100, 1),
(373, 85, 3, 100, 1),
(374, 86, 3, 100, 1),
(375, 87, 3, 100, 1),
(376, 88, 3, 100, 1),
(377, 89, 3, 100, 1),
(378, 90, 3, 100, 1),
(379, 91, 3, 100, 1),
(380, 92, 3, 100, 1),
(381, 93, 3, 100, 1),
(382, 94, 3, 100, 1),
(383, 95, 3, 100, 1),
(384, 96, 3, 100, 1),
(385, 97, 3, 100, 1),
(386, 98, 3, 100, 1),
(387, 99, 3, 100, 1),
(388, 100, 3, 100, 1),
(389, 101, 3, 100, 1),
(390, 102, 3, 100, 1),
(391, 103, 3, 100, 1),
(392, 104, 3, 100, 1),
(393, 105, 3, 100, 1),
(394, 106, 3, 100, 1),
(395, 107, 3, 100, 1),
(396, 108, 3, 100, 1),
(397, 109, 3, 100, 1),
(398, 110, 3, 100, 1),
(399, 111, 3, 100, 1),
(400, 112, 3, 100, 1),
(401, 113, 3, 100, 1),
(402, 114, 3, 100, 1),
(403, 115, 3, 100, 1),
(404, 116, 3, 100, 1),
(405, 117, 3, 100, 1),
(406, 118, 3, 100, 1),
(407, 119, 3, 100, 1),
(408, 120, 3, 100, 1),
(409, 121, 3, 100, 1),
(410, 122, 3, 100, 1),
(411, 123, 3, 100, 1),
(412, 124, 3, 100, 1),
(413, 125, 3, 100, 1),
(414, 126, 3, 100, 1),
(415, 127, 3, 100, 1),
(416, 128, 3, 100, 1),
(417, 129, 3, 100, 1),
(418, 130, 3, 100, 1),
(419, 131, 3, 100, 1),
(420, 132, 3, 100, 1),
(421, 133, 3, 100, 1),
(422, 134, 3, 100, 1),
(423, 135, 3, 100, 1),
(424, 136, 3, 100, 1),
(425, 137, 3, 100, 1),
(426, 138, 3, 100, 1),
(427, 139, 3, 100, 1),
(428, 140, 3, 100, 1),
(429, 141, 3, 100, 1),
(430, 142, 3, 100, 1),
(431, 143, 3, 100, 1),
(432, 144, 3, 100, 1);

-- --------------------------------------------------------

--
-- Table structure for table `i18n_texts`
--

CREATE TABLE `i18n_texts` (
  `page_key` varchar(190) COLLATE utf8mb4_unicode_ci NOT NULL,
  `text_key` varchar(190) COLLATE utf8mb4_unicode_ci NOT NULL,
  `lang_code` varchar(10) COLLATE utf8mb4_unicode_ci NOT NULL,
  `text_html` mediumtext COLLATE utf8mb4_unicode_ci
) ENGINE=InnoDB DEFAULT CHARSET=utf8mb4 COLLATE=utf8mb4_unicode_ci;

--
-- Dumping data for table `i18n_texts`
--

INSERT INTO `i18n_texts` (`page_key`, `text_key`, `lang_code`, `text_html`) VALUES
('page.massageteam', 'meta.description', 'zh', 'test thử'),
('page.massageteam', 'meta.title', 'zh', 'test');

-- --------------------------------------------------------

--
-- Table structure for table `languages`
--

CREATE TABLE `languages` (
  `code` varchar(10) COLLATE utf8mb4_unicode_ci NOT NULL,
  `name` varchar(50) COLLATE utf8mb4_unicode_ci NOT NULL,
  `is_default` tinyint(1) NOT NULL DEFAULT '0',
  `created_at` timestamp NULL DEFAULT NULL,
  `updated_at` timestamp NULL DEFAULT NULL
) ENGINE=InnoDB DEFAULT CHARSET=utf8mb4 COLLATE=utf8mb4_unicode_ci;

--
-- Dumping data for table `languages`
--

INSERT INTO `languages` (`code`, `name`, `is_default`, `created_at`, `updated_at`) VALUES
('en', 'English', 0, NULL, NULL),
('ja', '日本語', 0, NULL, NULL),
('ko', '한국어', 0, NULL, NULL),
('ru', 'Русский', 0, NULL, NULL),
('th', 'ภาษาไทย', 0, NULL, NULL),
('vi', 'Tiếng Việt', 1, NULL, NULL),
('zh', '中文', 0, NULL, NULL);

-- --------------------------------------------------------

--
-- Table structure for table `logs`
--

CREATE TABLE `logs` (
  `id` int(11) NOT NULL,
  `log_message` text,
  `log_time` timestamp NOT NULL DEFAULT CURRENT_TIMESTAMP
) ENGINE=InnoDB DEFAULT CHARSET=latin1;

-- --------------------------------------------------------

--
-- Table structure for table `services`
--

CREATE TABLE `services` (
  `id` bigint(20) UNSIGNED NOT NULL,
  `slug` varchar(140) COLLATE utf8mb4_unicode_ci NOT NULL,
  `duration_min` int(11) NOT NULL,
  `order_no` int(11) NOT NULL DEFAULT '0',
  `active` tinyint(1) NOT NULL DEFAULT '1',
  `created_at` timestamp NULL DEFAULT CURRENT_TIMESTAMP,
  `updated_at` timestamp NULL DEFAULT CURRENT_TIMESTAMP ON UPDATE CURRENT_TIMESTAMP
) ENGINE=InnoDB DEFAULT CHARSET=utf8mb4 COLLATE=utf8mb4_unicode_ci;

--
-- Dumping data for table `services`
--

INSERT INTO `services` (`id`, `slug`, `duration_min`, `order_no`, `active`, `created_at`, `updated_at`) VALUES
(1, 'aroma', 60, 10, 1, '2025-10-06 05:36:21', '2025-10-06 05:36:21'),
(2, 'aroma', 90, 10, 1, '2025-10-06 05:36:21', '2025-10-06 05:36:21'),
(3, 'body', 60, 20, 1, '2025-10-06 05:36:21', '2025-10-06 05:36:21'),
(4, 'body', 90, 20, 1, '2025-10-06 05:36:21', '2025-10-06 05:36:21'),
(5, 'tri-lieu', 60, 30, 1, '2025-10-06 05:36:21', '2025-10-06 05:36:21'),
(6, 'tri-lieu', 90, 30, 1, '2025-10-06 05:36:21', '2025-10-06 05:36:21'),
(7, 'da-nong', 60, 40, 1, '2025-10-06 05:36:21', '2025-10-06 05:36:21'),
(8, 'da-nong', 90, 40, 1, '2025-10-06 05:36:21', '2025-10-06 05:36:21'),
(9, 'gay', 60, 50, 1, '2025-10-06 05:36:21', '2025-10-06 05:36:21'),
(10, 'gay', 90, 50, 1, '2025-10-06 05:36:21', '2025-10-06 05:36:21'),
(11, 'les', 60, 60, 1, '2025-10-06 05:36:21', '2025-10-06 05:36:21'),
(12, 'les', 90, 60, 1, '2025-10-06 05:36:21', '2025-10-06 05:36:21'),
(13, 'for-men', 60, 70, 1, '2025-10-06 05:36:21', '2025-10-06 05:36:21'),
(14, 'for-men', 90, 70, 1, '2025-10-06 05:36:21', '2025-10-06 05:36:21'),
(15, 'rome', 60, 80, 1, '2025-10-06 05:36:21', '2025-10-06 05:36:21'),
(16, 'rome', 90, 80, 1, '2025-10-06 05:36:21', '2025-10-06 05:36:21');

-- --------------------------------------------------------

--
-- Table structure for table `service_i18n`
--

CREATE TABLE `service_i18n` (
  `id` bigint(20) UNSIGNED NOT NULL,
  `service_id` bigint(20) UNSIGNED NOT NULL,
  `lang_code` varchar(10) COLLATE utf8mb4_unicode_ci NOT NULL,
  `name` varchar(160) COLLATE utf8mb4_unicode_ci NOT NULL,
  `created_at` timestamp NULL DEFAULT CURRENT_TIMESTAMP,
  `updated_at` timestamp NULL DEFAULT CURRENT_TIMESTAMP ON UPDATE CURRENT_TIMESTAMP
) ENGINE=InnoDB DEFAULT CHARSET=utf8mb4 COLLATE=utf8mb4_unicode_ci;

--
-- Dumping data for table `service_i18n`
--

INSERT INTO `service_i18n` (`id`, `service_id`, `lang_code`, `name`, `created_at`, `updated_at`) VALUES
(1, 1, 'vi', 'Massage aroma', '2025-10-06 05:36:21', '2025-10-06 05:36:21'),
(2, 2, 'vi', 'Massage aroma', '2025-10-06 05:36:21', '2025-10-06 05:36:21'),
(3, 3, 'vi', 'Massage body', '2025-10-06 05:36:21', '2025-10-06 05:36:21'),
(4, 4, 'vi', 'Massage body', '2025-10-06 05:36:21', '2025-10-06 05:36:21'),
(5, 5, 'vi', 'Massage trị liệu', '2025-10-06 05:36:21', '2025-10-06 05:36:21'),
(6, 6, 'vi', 'Massage trị liệu', '2025-10-06 05:36:21', '2025-10-06 05:36:21'),
(7, 7, 'vi', 'Massage đá nóng', '2025-10-06 05:36:21', '2025-10-06 05:36:21'),
(8, 8, 'vi', 'Massage đá nóng', '2025-10-06 05:36:21', '2025-10-06 05:36:21'),
(9, 9, 'vi', 'Massage gay', '2025-10-06 05:36:21', '2025-10-06 05:36:21'),
(10, 10, 'vi', 'Massage gay', '2025-10-06 05:36:21', '2025-10-06 05:36:21'),
(11, 11, 'vi', 'Massage les', '2025-10-06 05:36:21', '2025-10-06 05:36:21'),
(12, 12, 'vi', 'Massage les', '2025-10-06 05:36:21', '2025-10-06 05:36:21'),
(13, 13, 'vi', 'Massage for men', '2025-10-06 05:36:21', '2025-10-06 05:36:21'),
(14, 14, 'vi', 'Massage for men', '2025-10-06 05:36:21', '2025-10-06 05:36:21'),
(15, 15, 'vi', 'Massage Rome', '2025-10-06 05:36:21', '2025-10-06 05:36:21'),
(16, 16, 'vi', 'Massage Rome', '2025-10-06 05:36:21', '2025-10-06 05:36:21'),
(17, 1, 'ru', 'Арома-массаж', '2025-10-06 05:47:45', '2025-10-06 05:47:45'),
(18, 2, 'ru', 'Арома-массаж', '2025-10-06 05:47:45', '2025-10-06 05:47:45'),
(20, 3, 'ru', 'Массаж тела', '2025-10-06 05:47:46', '2025-10-06 05:47:46'),
(21, 4, 'ru', 'Массаж тела', '2025-10-06 05:47:46', '2025-10-06 05:47:46'),
(23, 5, 'ru', 'Терапевтический массаж', '2025-10-06 05:47:46', '2025-10-06 05:47:46'),
(24, 6, 'ru', 'Терапевтический массаж', '2025-10-06 05:47:46', '2025-10-06 05:47:46'),
(26, 7, 'ru', 'Массаж горячими камнями', '2025-10-06 05:47:46', '2025-10-06 05:47:46'),
(27, 8, 'ru', 'Массаж горячими камнями', '2025-10-06 05:47:46', '2025-10-06 05:47:46'),
(29, 9, 'ru', 'Массаж для геев', '2025-10-06 05:47:46', '2025-10-06 05:47:46'),
(30, 10, 'ru', 'Массаж для геев', '2025-10-06 05:47:46', '2025-10-06 05:47:46'),
(32, 11, 'ru', 'Массаж для девушек', '2025-10-06 05:47:46', '2025-10-06 05:47:46'),
(33, 12, 'ru', 'Массаж для девушек', '2025-10-06 05:47:46', '2025-10-06 05:47:46'),
(35, 13, 'ru', 'Массаж для мужчин', '2025-10-06 05:47:46', '2025-10-06 05:47:46'),
(36, 14, 'ru', 'Массаж для мужчин', '2025-10-06 05:47:46', '2025-10-06 05:47:46'),
(38, 15, 'ru', 'Массаж Rome', '2025-10-06 05:47:46', '2025-10-06 05:47:46'),
(39, 16, 'ru', 'Массаж Rome', '2025-10-06 05:47:46', '2025-10-06 05:47:46'),
(40, 1, 'ja', 'アロママッサージ', '2025-10-15 13:37:20', '2025-10-15 13:37:20'),
(41, 2, 'ja', 'リラックスマッサージ', '2025-10-15 13:37:20', '2025-10-15 13:37:20'),
(42, 3, 'ja', '治療マッサージ', '2025-10-15 13:37:20', '2025-10-15 13:37:20'),
(43, 4, 'ja', '全身マッサージ', '2025-10-15 13:37:20', '2025-10-15 13:37:20'),
(44, 5, 'ja', '療法マッサージ', '2025-10-15 13:37:20', '2025-10-15 13:37:20'),
(45, 6, 'ja', 'カップルマッサージ', '2025-10-15 13:37:20', '2025-10-15 13:37:20'),
(46, 7, 'ja', 'フェイシャルマッサージ', '2025-10-15 13:37:20', '2025-10-15 13:37:20'),
(47, 1, 'zh', '芳香按摩', '2025-10-15 13:37:20', '2025-10-15 13:37:20'),
(48, 2, 'zh', '放松按摩', '2025-10-15 13:37:20', '2025-10-15 13:37:20'),
(49, 3, 'zh', '疗法按摩', '2025-10-15 13:37:20', '2025-10-15 13:37:20'),
(50, 4, 'zh', '全身按摩', '2025-10-15 13:37:20', '2025-10-15 13:37:20'),
(51, 5, 'zh', '治疗按摩', '2025-10-15 13:37:20', '2025-10-15 13:37:20'),
(52, 6, 'zh', '情侣按摩', '2025-10-15 13:37:20', '2025-10-15 13:37:20'),
(53, 7, 'zh', '面部按摩', '2025-10-15 13:37:20', '2025-10-15 13:37:20'),
(54, 1, 'th', 'นวดอโรมา', '2025-10-15 13:37:20', '2025-10-15 13:37:20'),
(55, 2, 'th', 'นวดผ่อนคลาย', '2025-10-15 13:37:20', '2025-10-15 13:37:20'),
(56, 3, 'th', 'นวดบำบัด', '2025-10-15 13:37:20', '2025-10-15 13:37:20'),
(57, 4, 'th', 'นวดตัวเต็ม', '2025-10-15 13:37:20', '2025-10-15 13:37:20'),
(58, 5, 'th', 'นวดรักษา', '2025-10-15 13:37:20', '2025-10-15 13:37:20'),
(59, 6, 'th', 'นวดคู่รัก', '2025-10-15 13:37:20', '2025-10-15 13:37:20'),
(60, 7, 'th', 'นวดหน้า', '2025-10-15 13:37:20', '2025-10-15 13:37:20'),
(61, 1, 'en', 'Aroma Massage', '2025-10-15 13:37:20', '2025-10-15 13:37:20'),
(62, 2, 'en', 'Relaxing Massage', '2025-10-15 13:37:20', '2025-10-15 13:37:20'),
(63, 3, 'en', 'Therapeutic Massage', '2025-10-15 13:37:20', '2025-10-15 13:37:20'),
(64, 4, 'en', 'Full Body Massage', '2025-10-15 13:37:20', '2025-10-15 13:37:20'),
(65, 5, 'en', 'Therapeutic Massage', '2025-10-15 13:37:20', '2025-10-15 13:37:20'),
(66, 6, 'en', 'Couples Massage', '2025-10-15 13:37:20', '2025-10-15 13:37:20'),
(67, 7, 'en', 'Facial Massage', '2025-10-15 13:37:20', '2025-10-15 13:37:20'),
(68, 1, 'ko', '아로마 마사지', '2025-10-15 13:37:20', '2025-10-15 13:37:20'),
(69, 2, 'ko', '편안한 마사지', '2025-10-15 13:37:20', '2025-10-15 13:37:20'),
(70, 3, 'ko', '치료 마사지', '2025-10-15 13:37:20', '2025-10-15 13:37:20'),
(71, 4, 'ko', '전체 몸 마사지', '2025-10-15 13:37:20', '2025-10-15 13:37:20'),
(72, 5, 'ko', '치료 마사지', '2025-10-15 13:37:20', '2025-10-15 13:37:20'),
(73, 6, 'ko', '커플 마사지', '2025-10-15 13:37:20', '2025-10-15 13:37:20'),
(74, 7, 'ko', '페이셜 마사지', '2025-10-15 13:37:20', '2025-10-15 13:37:20');

-- --------------------------------------------------------

--
-- Table structure for table `staff`
--

CREATE TABLE `staff` (
  `id` bigint(20) UNSIGNED NOT NULL,
  `photo_url` varchar(500) COLLATE utf8mb4_unicode_ci DEFAULT NULL,
  `order_no` int(11) NOT NULL DEFAULT '0',
  `active` tinyint(1) NOT NULL DEFAULT '1',
  `created_at` timestamp NULL DEFAULT CURRENT_TIMESTAMP,
  `updated_at` timestamp NULL DEFAULT CURRENT_TIMESTAMP ON UPDATE CURRENT_TIMESTAMP
) ENGINE=InnoDB DEFAULT CHARSET=utf8mb4 COLLATE=utf8mb4_unicode_ci;

--
-- Dumping data for table `staff`
--

INSERT INTO `staff` (`id`, `photo_url`, `order_no`, `active`, `created_at`, `updated_at`) VALUES
(1, 'https://massagenow.vn/upload/nv1.jpg', 10, 1, '2025-10-06 05:38:23', '2025-10-07 01:11:32'),
(2, 'https://massagenow.vn/upload/nv3.jpg', 20, 1, '2025-10-06 05:38:24', '2025-10-07 01:11:20'),
(3, 'https://massagenow.vn/upload/nv2.jpg', 30, 1, '2025-10-06 05:38:24', '2025-10-07 01:11:47');

-- --------------------------------------------------------

--
-- Table structure for table `staff_i18n`
--

CREATE TABLE `staff_i18n` (
  `id` bigint(20) UNSIGNED NOT NULL,
  `staff_id` bigint(20) UNSIGNED NOT NULL,
  `lang_code` varchar(10) COLLATE utf8mb4_unicode_ci NOT NULL,
  `name` varchar(120) COLLATE utf8mb4_unicode_ci NOT NULL,
  `title` varchar(160) COLLATE utf8mb4_unicode_ci NOT NULL,
  `tagline` varchar(255) COLLATE utf8mb4_unicode_ci DEFAULT NULL,
  `created_at` timestamp NULL DEFAULT CURRENT_TIMESTAMP,
  `updated_at` timestamp NULL DEFAULT CURRENT_TIMESTAMP ON UPDATE CURRENT_TIMESTAMP
) ENGINE=InnoDB DEFAULT CHARSET=utf8mb4 COLLATE=utf8mb4_unicode_ci;

--
-- Dumping data for table `staff_i18n`
--

INSERT INTO `staff_i18n` (`id`, `staff_id`, `lang_code`, `name`, `title`, `tagline`, `created_at`, `updated_at`) VALUES
(1, 1, 'vi', 'Lan', 'Senior Therapist', '7 năm kinh nghiệm • Chuyên trị liệu giảm đau & thư giãn sâu', '2025-10-06 05:38:24', '2025-10-06 05:38:24'),
(2, 2, 'vi', 'Hải', 'Therapy Specialist', '6 năm kinh nghiệm • Giải toả căng cơ cổ-vai-gáy', '2025-10-06 05:38:24', '2025-10-06 05:38:24'),
(3, 3, 'vi', 'Mai', 'Therapist', '3 năm kinh nghiệm • Phong cách nhẹ nhàng, tỉ mỉ', '2025-10-06 05:38:24', '2025-10-06 05:38:24'),
(4, 1, 'en', 'Lan', 'Senior Therapist', '7 years experience • Deep relaxation & pain relief specialist', '2025-10-06 05:40:15', '2025-10-06 05:40:15'),
(5, 2, 'en', 'Hai', 'Therapy Specialist', '6 years experience • Neck–shoulder–back release', '2025-10-06 05:40:15', '2025-10-06 05:40:15'),
(6, 3, 'en', 'Mai', 'Therapist', '3 years experience • Gentle and meticulous style', '2025-10-06 05:40:15', '2025-10-06 05:40:15'),
(7, 1, 'th', 'หลาน', 'นักบำบัดอาวุโส', 'ประสบการณ์ 7 ปี • ผู้เชี่ยวชาญด้านผ่อนคลายลึกและบรรเทาอาการปวด', '2025-10-06 05:40:15', '2025-10-06 05:40:15'),
(8, 2, 'th', 'ไห่', 'ผู้เชี่ยวชาญด้านบำบัด', 'ประสบการณ์ 6 ปี • คลายเกร็ง คอ-ไหล่-หลัง', '2025-10-06 05:40:15', '2025-10-06 05:40:15'),
(9, 3, 'th', 'ไม', 'นักบำบัด', 'ประสบการณ์ 3 ปี • สไตล์อ่อนโยนและพิถีพิถัน', '2025-10-06 05:40:15', '2025-10-06 05:40:15'),
(10, 1, 'ja', 'ラン', 'シニアセラピスト', '経験7年・深いリラクゼーションと痛み緩和のスペシャリスト', '2025-10-06 05:40:15', '2025-10-06 05:40:15'),
(11, 2, 'ja', 'ハイ', 'セラピー スペシャリスト', '経験6年・首・肩・背中のコリ解消', '2025-10-06 05:40:15', '2025-10-06 05:40:15'),
(12, 3, 'ja', 'マイ', 'セラピスト', '経験3年・優しく丁寧なスタイル', '2025-10-06 05:40:15', '2025-10-06 05:40:15'),
(13, 1, 'zh', '兰', '高级理疗师', '7年经验 • 深度放松与止痛专家', '2025-10-06 05:40:15', '2025-10-06 05:40:15'),
(14, 2, 'zh', '海', '理疗专家', '6年经验 • 颈肩背放松缓解', '2025-10-06 05:40:15', '2025-10-06 05:40:15'),
(15, 3, 'zh', '梅', '理疗师', '3年经验 • 手法温和细致', '2025-10-06 05:40:15', '2025-10-06 05:40:15'),
(16, 1, 'ko', '란', '수석 테라피스트', '경력 7년 • 딥 릴랙세이션 및 통증 완화 전문', '2025-10-06 05:40:15', '2025-10-06 05:40:15'),
(17, 2, 'ko', '하이', '테라피 스페셜리스트', '경력 6년 • 목·어깨·등 근육 이완', '2025-10-06 05:40:15', '2025-10-06 05:40:15'),
(18, 3, 'ko', '마이', '테라피스트', '경력 3년 • 부드럽고 섬세한 스타일', '2025-10-06 05:40:15', '2025-10-06 05:40:15'),
(19, 1, 'ru', 'Лан', 'Старший терапевт', 'Опыт 7 лет • Специалист по глубокому расслаблению и снятию боли', '2025-10-06 05:47:35', '2025-10-06 05:47:35'),
(20, 2, 'ru', 'Хай', 'Специалист по терапии', 'Опыт 6 лет • Снятие напряжения шеи–плеч–спины', '2025-10-06 05:47:35', '2025-10-06 05:47:35'),
(21, 3, 'ru', 'Май', 'Терапевт', 'Опыт 3 года • Нежный и аккуратный стиль', '2025-10-06 05:47:35', '2025-10-06 05:47:35');

-- --------------------------------------------------------

--
-- Table structure for table `staff_skills`
--

CREATE TABLE `staff_skills` (
  `id` bigint(20) UNSIGNED NOT NULL,
  `staff_id` bigint(20) UNSIGNED NOT NULL,
  `percent` tinyint(4) NOT NULL,
  `order_no` int(11) NOT NULL DEFAULT '0',
  `created_at` timestamp NULL DEFAULT CURRENT_TIMESTAMP,
  `updated_at` timestamp NULL DEFAULT CURRENT_TIMESTAMP ON UPDATE CURRENT_TIMESTAMP
) ENGINE=InnoDB DEFAULT CHARSET=utf8mb4 COLLATE=utf8mb4_unicode_ci;

--
-- Dumping data for table `staff_skills`
--

INSERT INTO `staff_skills` (`id`, `staff_id`, `percent`, `order_no`, `created_at`, `updated_at`) VALUES
(1, 1, 95, 10, '2025-10-06 05:38:24', '2025-10-06 05:38:24'),
(2, 1, 90, 20, '2025-10-06 05:38:24', '2025-10-06 05:38:24'),
(3, 1, 80, 30, '2025-10-06 05:38:24', '2025-10-06 05:38:24'),
(4, 2, 88, 10, '2025-10-06 05:38:24', '2025-10-06 05:38:24'),
(5, 2, 85, 20, '2025-10-06 05:38:24', '2025-10-06 05:38:24'),
(6, 2, 78, 30, '2025-10-06 05:38:24', '2025-10-06 05:38:24'),
(7, 3, 82, 10, '2025-10-06 05:38:24', '2025-10-06 05:38:24'),
(8, 3, 80, 20, '2025-10-06 05:38:24', '2025-10-06 05:38:24'),
(9, 3, 70, 30, '2025-10-06 05:38:24', '2025-10-06 05:38:24');

-- --------------------------------------------------------

--
-- Table structure for table `staff_skill_i18n`
--

CREATE TABLE `staff_skill_i18n` (
  `id` bigint(20) UNSIGNED NOT NULL,
  `skill_id` bigint(20) UNSIGNED NOT NULL,
  `lang_code` varchar(10) COLLATE utf8mb4_unicode_ci NOT NULL,
  `label` varchar(160) COLLATE utf8mb4_unicode_ci NOT NULL,
  `created_at` timestamp NULL DEFAULT CURRENT_TIMESTAMP,
  `updated_at` timestamp NULL DEFAULT CURRENT_TIMESTAMP ON UPDATE CURRENT_TIMESTAMP
) ENGINE=InnoDB DEFAULT CHARSET=utf8mb4 COLLATE=utf8mb4_unicode_ci;

--
-- Dumping data for table `staff_skill_i18n`
--

INSERT INTO `staff_skill_i18n` (`id`, `skill_id`, `lang_code`, `label`, `created_at`, `updated_at`) VALUES
(1, 1, 'vi', 'Deep Tissue', '2025-10-06 05:38:24', '2025-10-06 05:38:24'),
(2, 2, 'vi', 'Thư giãn', '2025-10-06 05:38:24', '2025-10-06 05:38:24'),
(3, 3, 'vi', 'Shiatsu', '2025-10-06 05:38:24', '2025-10-06 05:38:24'),
(4, 4, 'vi', 'Thải độc', '2025-10-06 05:38:24', '2025-10-06 05:38:24'),
(5, 5, 'vi', 'Deep Tissue', '2025-10-06 05:38:24', '2025-10-06 05:38:24'),
(6, 6, 'vi', 'Thư giãn', '2025-10-06 05:38:24', '2025-10-06 05:38:24'),
(7, 7, 'vi', 'Massage chuyên sâu', '2025-10-06 05:38:24', '2025-10-06 05:38:24'),
(8, 8, 'vi', 'Thư giãn', '2025-10-06 05:38:24', '2025-10-06 05:38:24'),
(9, 9, 'vi', 'Shiatsu', '2025-10-06 05:38:24', '2025-10-06 05:38:24'),
(10, 1, 'en', 'Deep Tissue', '2025-10-06 05:40:15', '2025-10-06 05:40:15'),
(11, 2, 'en', 'Relaxation', '2025-10-06 05:40:15', '2025-10-06 05:40:15'),
(12, 3, 'en', 'Shiatsu', '2025-10-06 05:40:15', '2025-10-06 05:40:15'),
(13, 4, 'en', 'Detox', '2025-10-06 05:40:15', '2025-10-06 05:40:15'),
(14, 5, 'en', 'Deep Tissue', '2025-10-06 05:40:15', '2025-10-06 05:40:15'),
(15, 6, 'en', 'Relaxation', '2025-10-06 05:40:15', '2025-10-06 05:40:15'),
(16, 7, 'en', 'Advanced Massage', '2025-10-06 05:40:15', '2025-10-06 05:40:15'),
(17, 8, 'en', 'Relaxation', '2025-10-06 05:40:15', '2025-10-06 05:40:15'),
(18, 9, 'en', 'Shiatsu', '2025-10-06 05:40:15', '2025-10-06 05:40:15'),
(19, 1, 'th', 'ดีพทิชชู', '2025-10-06 05:40:15', '2025-10-06 05:40:15'),
(20, 2, 'th', 'ผ่อนคลาย', '2025-10-06 05:40:15', '2025-10-06 05:40:15'),
(21, 3, 'th', 'ชิอัตสึ', '2025-10-06 05:40:15', '2025-10-06 05:40:15'),
(22, 4, 'th', 'ดีท็อกซ์', '2025-10-06 05:40:15', '2025-10-06 05:40:15'),
(23, 5, 'th', 'ดีพทิชชู', '2025-10-06 05:40:15', '2025-10-06 05:40:15'),
(24, 6, 'th', 'ผ่อนคลาย', '2025-10-06 05:40:15', '2025-10-06 05:40:15'),
(25, 7, 'th', 'นวดขั้นสูง', '2025-10-06 05:40:15', '2025-10-06 05:40:15'),
(26, 8, 'th', 'ผ่อนคลาย', '2025-10-06 05:40:15', '2025-10-06 05:40:15'),
(27, 9, 'th', 'ชิอัตสึ', '2025-10-06 05:40:15', '2025-10-06 05:40:15'),
(28, 1, 'ja', 'ディープティッシュ', '2025-10-06 05:40:15', '2025-10-06 05:40:15'),
(29, 2, 'ja', 'リラクゼーション', '2025-10-06 05:40:15', '2025-10-06 05:40:15'),
(30, 3, 'ja', '指圧', '2025-10-06 05:40:15', '2025-10-06 05:40:15'),
(31, 4, 'ja', 'デトックス', '2025-10-06 05:40:15', '2025-10-06 05:40:15'),
(32, 5, 'ja', 'ディープティッシュ', '2025-10-06 05:40:15', '2025-10-06 05:40:15'),
(33, 6, 'ja', 'リラクゼーション', '2025-10-06 05:40:15', '2025-10-06 05:40:15'),
(34, 7, 'ja', 'アドバンスドマッサージ', '2025-10-06 05:40:15', '2025-10-06 05:40:15'),
(35, 8, 'ja', 'リラクゼーション', '2025-10-06 05:40:15', '2025-10-06 05:40:15'),
(36, 9, 'ja', '指圧', '2025-10-06 05:40:15', '2025-10-06 05:40:15'),
(37, 1, 'zh', '深层组织', '2025-10-06 05:40:15', '2025-10-06 05:40:15'),
(38, 2, 'zh', '放松', '2025-10-06 05:40:15', '2025-10-06 05:40:15'),
(39, 3, 'zh', '指压', '2025-10-06 05:40:15', '2025-10-06 05:40:15'),
(40, 4, 'zh', '排毒', '2025-10-06 05:40:15', '2025-10-06 05:40:15'),
(41, 5, 'zh', '深层组织', '2025-10-06 05:40:15', '2025-10-06 05:40:15'),
(42, 6, 'zh', '放松', '2025-10-06 05:40:15', '2025-10-06 05:40:15'),
(43, 7, 'zh', '高级按摩', '2025-10-06 05:40:15', '2025-10-06 05:40:15'),
(44, 8, 'zh', '放松', '2025-10-06 05:40:15', '2025-10-06 05:40:15'),
(45, 9, 'zh', '指压', '2025-10-06 05:40:15', '2025-10-06 05:40:15'),
(46, 1, 'ko', '딥 티슈', '2025-10-06 05:40:15', '2025-10-06 05:40:15'),
(47, 2, 'ko', '릴랙세이션', '2025-10-06 05:40:15', '2025-10-06 05:40:15'),
(48, 3, 'ko', '시아츠', '2025-10-06 05:40:15', '2025-10-06 05:40:15'),
(49, 4, 'ko', '디톡스', '2025-10-06 05:40:15', '2025-10-06 05:40:15'),
(50, 5, 'ko', '딥 티슈', '2025-10-06 05:40:15', '2025-10-06 05:40:15'),
(51, 6, 'ko', '릴랙세이션', '2025-10-06 05:40:15', '2025-10-06 05:40:15'),
(52, 7, 'ko', '어드밴스드 마사지', '2025-10-06 05:40:15', '2025-10-06 05:40:15'),
(53, 8, 'ko', '릴랙세이션', '2025-10-06 05:40:15', '2025-10-06 05:40:15'),
(54, 9, 'ko', '시아츠', '2025-10-06 05:40:15', '2025-10-06 05:40:15'),
(55, 1, 'ru', 'Глубокий массаж', '2025-10-06 05:47:35', '2025-10-06 05:47:35'),
(56, 2, 'ru', 'Расслабляющий', '2025-10-06 05:47:35', '2025-10-06 05:47:35'),
(57, 3, 'ru', 'Шиацу', '2025-10-06 05:47:35', '2025-10-06 05:47:35'),
(58, 4, 'ru', 'Детокс', '2025-10-06 05:47:35', '2025-10-06 05:47:35'),
(59, 5, 'ru', 'Глубокий массаж', '2025-10-06 05:47:35', '2025-10-06 05:47:35'),
(60, 6, 'ru', 'Расслабляющий', '2025-10-06 05:47:35', '2025-10-06 05:47:35'),
(61, 7, 'ru', 'Профессиональный массаж', '2025-10-06 05:47:35', '2025-10-06 05:47:35'),
(62, 8, 'ru', 'Расслабляющий', '2025-10-06 05:47:35', '2025-10-06 05:47:35'),
(63, 9, 'ru', 'Шиацу', '2025-10-06 05:47:35', '2025-10-06 05:47:35');

-- --------------------------------------------------------

--
-- Table structure for table `translations`
--

CREATE TABLE `translations` (
  `id` bigint(20) UNSIGNED NOT NULL,
  `key_id` bigint(20) UNSIGNED NOT NULL,
  `lang_code` varchar(10) COLLATE utf8mb4_unicode_ci NOT NULL,
  `tvalue` mediumtext COLLATE utf8mb4_unicode_ci NOT NULL,
  `created_at` timestamp NULL DEFAULT CURRENT_TIMESTAMP,
  `updated_at` timestamp NULL DEFAULT CURRENT_TIMESTAMP ON UPDATE CURRENT_TIMESTAMP
) ENGINE=InnoDB DEFAULT CHARSET=utf8mb4 COLLATE=utf8mb4_unicode_ci;

--
-- Dumping data for table `translations`
--

INSERT INTO `translations` (`id`, `key_id`, `lang_code`, `tvalue`, `created_at`, `updated_at`) VALUES
(1, 1, 'vi', 'massage %thanh_pho% : Đặt Massage online tại %thanh_pho% - đặt lịch nhanh chóng an toàn', '2025-10-06 05:33:05', '2025-10-10 08:48:21'),
(2, 2, 'vi', 'massage %thanh_pho% - Đội ngũ nhân viên massage chuyên nghiệp, tay nghề cao, massagenow cung cấp nhanh nhất kỹ thuật viên tại địa phương theo nhu cầu hiện tại của quý khách, đối với nhân viên đang làm massage hãy đăng ký trở thành đối tác của chúng tôi , hồ sơ vô cùng đơn giản gồm : cccd, zalo, và tờ khai lý lịch tư pháp : hãy để massagenow hỗ trợ đối tác và khách hàng được tốt nhất', '2025-10-06 05:33:05', '2025-10-15 13:43:56'),
(3, 3, 'vi', 'Đặt Massage online tại %thanh_pho% - massage %thanh_pho% đặt lịch nhanh chóng an toàn', '2025-10-06 05:33:05', '2025-10-10 08:49:44'),
(4, 4, 'vi', 'Nhân viên', '2025-10-06 05:33:05', '2025-10-06 05:33:05'),
(5, 5, 'vi', 'Dịch vụ', '2025-10-06 05:33:05', '2025-10-06 05:33:05'),
(6, 6, 'vi', 'Booking', '2025-10-06 05:33:05', '2025-10-06 05:33:05'),
(7, 7, 'vi', 'Đặt lịch', '2025-10-06 05:33:05', '2025-10-06 05:33:05'),
(8, 8, 'vi', 'massage %thanh_pho% - Đội ngũ Massage tại %thanh_pho%', '2025-10-06 05:33:05', '2025-10-10 08:49:59'),
(9, 9, 'vi', 'massage %thanh_pho% -Đặt lịch massage tại nhà nhanh chóng, riêng tư, an toàn.<br>Chuyên viên tay nghề cao, phục vụ tận tâm tại %thanh_pho%.<br>Trải nghiệm phong cách Black & Gold sang trọng.', '2025-10-06 05:33:05', '2025-10-10 08:50:10'),
(10, 10, 'vi', 'Đặt lịch ngay', '2025-10-06 05:33:05', '2025-10-06 05:33:05'),
(11, 11, 'vi', 'Nhân viên massage gần đây:', '2025-10-06 05:33:05', '2025-10-06 05:33:05'),
(12, 12, 'vi', 'Mỗi nhân viên đều giàu kinh nghiệm, được đào tạo bài bản và nhận đánh giá cao từ khách hàng.', '2025-10-06 05:33:05', '2025-10-06 05:33:05'),
(13, 13, 'vi', 'Form Booking', '2025-10-06 05:33:05', '2025-10-06 05:33:05'),
(14, 14, 'vi', 'Điền thông tin, chúng tôi sẽ liên hệ xác nhận.', '2025-10-06 05:33:05', '2025-10-06 05:33:05'),
(15, 15, 'vi', 'Họ và tên', '2025-10-06 05:33:05', '2025-10-06 05:33:05'),
(16, 16, 'vi', 'Email', '2025-10-06 05:33:05', '2025-10-06 05:33:05'),
(17, 17, 'vi', 'Số điện thoại', '2025-10-06 05:33:05', '2025-10-06 05:33:05'),
(18, 18, 'vi', 'Vui Lòng để lại địa chỉ, thông tin địa điểm phục vụ và thời gian phục vụ:', '2025-10-06 05:33:05', '2025-10-22 08:19:42'),
(19, 19, 'vi', 'Gửi đặt lịch', '2025-10-06 05:33:05', '2025-10-06 05:33:05'),
(20, 20, 'vi', 'Đang gửi…', '2025-10-06 05:33:05', '2025-10-06 05:33:05'),
(21, 21, 'vi', 'Cảm ơn! Chúng tôi sẽ liên hệ bạn sớm.', '2025-10-06 05:33:05', '2025-10-06 05:33:05'),
(22, 22, 'vi', 'Gửi thất bại, vui lòng thử lại.', '2025-10-06 05:33:05', '2025-10-06 05:33:05'),
(23, 23, 'vi', 'Lỗi mạng, thử lại sau.', '2025-10-06 05:33:05', '2025-10-06 05:33:05'),
(24, 24, 'vi', '© %year% Đặt Massage online tại %thanh_pho% - đặt lịch nhanh chóng an toàn', '2025-10-06 05:33:05', '2025-10-06 05:33:05'),
(25, 25, 'vi', 'Tìm kiếm dịch vụ, nhân viên…', '2025-10-06 05:33:05', '2025-10-06 05:33:05'),
(26, 26, 'vi', 'Ngôn ngữ', '2025-10-06 05:33:05', '2025-10-06 05:33:05'),
(27, 27, 'vi', 'Xem thêm', '2025-10-06 05:33:05', '2025-10-06 05:33:05'),
(28, 28, 'vi', 'Lên đầu trang', '2025-10-06 05:33:05', '2025-10-06 05:33:05'),
(29, 1, 'ru', 'Заказать массаж онлайн в %thanh_pho% — быстро и безопасно', '2025-10-06 05:47:23', '2025-10-06 05:47:23'),
(30, 2, 'ru', 'Команда профессиональных массажистов с высоким уровнем мастерства, стиль Black & Gold.', '2025-10-06 05:47:23', '2025-10-06 05:47:23'),
(31, 3, 'ru', 'Заказать массаж онлайн в %thanh_pho% — быстро и безопасно', '2025-10-06 05:47:23', '2025-10-06 05:47:23'),
(32, 4, 'ru', 'Сотрудники', '2025-10-06 05:47:23', '2025-10-06 05:47:23'),
(33, 5, 'ru', 'Услуги', '2025-10-06 05:47:23', '2025-10-06 05:47:23'),
(34, 6, 'ru', 'Бронирование', '2025-10-06 05:47:23', '2025-10-06 05:47:23'),
(35, 7, 'ru', 'Забронировать', '2025-10-06 05:47:23', '2025-10-06 05:47:23'),
(36, 8, 'ru', 'Команда массажистов в %thanh_pho%', '2025-10-06 05:47:23', '2025-10-06 05:47:23'),
(37, 9, 'ru', 'Быстрое, приватное и безопасное бронирование массажа на дом.<br>Опытные специалисты, сервис в %thanh_pho%.<br>Испытайте элегантный стиль Black & Gold.', '2025-10-06 05:47:23', '2025-10-06 05:47:23'),
(38, 10, 'ru', 'Забронировать сейчас', '2025-10-06 05:47:23', '2025-10-06 05:47:23'),
(39, 11, 'ru', 'Ближайшие сотрудники массажа:', '2025-10-06 05:47:23', '2025-10-06 05:47:23'),
(40, 12, 'ru', 'Каждый специалист имеет богатый опыт, прошёл профессиональное обучение и высоко оценивается клиентами.', '2025-10-06 05:47:23', '2025-10-06 05:47:23'),
(41, 13, 'ru', 'Форма бронирования', '2025-10-06 05:47:23', '2025-10-06 05:47:23'),
(42, 14, 'ru', 'Заполните данные, мы свяжемся для подтверждения.', '2025-10-06 05:47:23', '2025-10-06 05:47:23'),
(43, 15, 'ru', 'ФИО', '2025-10-06 05:47:23', '2025-10-06 05:47:23'),
(44, 16, 'ru', 'Email', '2025-10-06 05:47:23', '2025-10-06 05:47:23'),
(45, 17, 'ru', 'Телефон', '2025-10-06 05:47:23', '2025-10-06 05:47:23'),
(46, 18, 'ru', 'Пожалуйста, оставьте свой адрес, информацию о месте и времени оказания услуги:', '2025-10-06 05:47:23', '2025-10-22 08:20:23'),
(47, 19, 'ru', 'Отправить заявку', '2025-10-06 05:47:23', '2025-10-06 05:47:23'),
(48, 20, 'ru', 'Отправка…', '2025-10-06 05:47:23', '2025-10-06 05:47:23'),
(49, 21, 'ru', 'Спасибо! Мы свяжемся с вами в ближайшее время.', '2025-10-06 05:47:23', '2025-10-06 05:47:23'),
(50, 22, 'ru', 'Не удалось отправить, попробуйте ещё раз.', '2025-10-06 05:47:23', '2025-10-06 05:47:23'),
(51, 23, 'ru', 'Сетевая ошибка, попробуйте позже.', '2025-10-06 05:47:23', '2025-10-06 05:47:23'),
(52, 24, 'ru', '© %year% Заказать массаж онлайн в %thanh_pho% — быстро и безопасно', '2025-10-06 05:47:23', '2025-10-06 05:47:23'),
(53, 25, 'ru', 'Поиск услуг, сотрудников…', '2025-10-06 05:47:23', '2025-10-06 05:47:23'),
(54, 26, 'ru', 'Язык', '2025-10-06 05:47:23', '2025-10-06 05:47:23'),
(55, 27, 'ru', 'Подробнее', '2025-10-06 05:47:23', '2025-10-06 05:47:23'),
(56, 28, 'ru', 'Наверх', '2025-10-06 05:47:23', '2025-10-06 05:47:23'),
(57, 1, 'en', 'massage %thanh_pho% : Book massage online in %thanh_pho% - fast and safe booking', '2025-10-12 04:42:14', '2025-10-12 04:42:14'),
(58, 2, 'en', 'massage %thanh_pho% - Professional massage staff, skilled hands, luxurious Black & Gold style.', '2025-10-12 04:42:14', '2025-10-12 04:42:14'),
(59, 3, 'en', 'Book massage online in %thanh_pho% - fast and secure service', '2025-10-12 04:42:14', '2025-10-12 04:42:14'),
(60, 4, 'en', 'Staff', '2025-10-12 04:42:14', '2025-10-12 04:42:14'),
(61, 5, 'en', 'Services', '2025-10-12 04:42:14', '2025-10-12 04:42:14'),
(62, 6, 'en', 'Booking', '2025-10-12 04:42:14', '2025-10-12 04:42:14'),
(63, 7, 'en', 'Book now', '2025-10-12 04:42:14', '2025-10-12 04:42:14'),
(64, 8, 'en', 'Massage team in %thanh_pho%', '2025-10-12 04:42:14', '2025-10-12 04:42:14'),
(65, 9, 'en', 'Home massage booking in %thanh_pho% — private, fast, and safe.<br>Professional therapists at your service.<br>Experience the luxurious Black & Gold style.', '2025-10-12 04:42:14', '2025-10-12 04:42:14'),
(66, 10, 'en', 'Book Now', '2025-10-12 04:42:14', '2025-10-12 04:42:14'),
(67, 11, 'en', 'Nearby massage staff:', '2025-10-12 04:42:14', '2025-10-12 04:42:14'),
(68, 12, 'en', 'Each staff member is well-trained, experienced, and highly rated by customers.', '2025-10-12 04:42:14', '2025-10-12 04:42:14'),
(69, 13, 'en', 'Booking Form', '2025-10-12 04:42:14', '2025-10-12 04:42:14'),
(70, 14, 'en', 'Fill in the form and we will contact you shortly.', '2025-10-12 04:42:14', '2025-10-12 04:42:14'),
(71, 15, 'en', 'Full Name', '2025-10-12 04:42:14', '2025-10-12 04:42:14'),
(72, 16, 'en', 'Email', '2025-10-12 04:42:14', '2025-10-12 04:42:14'),
(73, 17, 'en', 'Phone Number', '2025-10-12 04:42:14', '2025-10-12 04:42:14'),
(74, 18, 'en', 'Please leave your address, service location information and service time:', '2025-10-12 04:42:14', '2025-10-22 08:20:43'),
(75, 19, 'en', 'Send Booking', '2025-10-12 04:42:14', '2025-10-12 04:42:14'),
(76, 20, 'en', 'Sending…', '2025-10-12 04:42:14', '2025-10-12 04:42:14'),
(77, 21, 'en', 'Thank you! We will contact you soon.', '2025-10-12 04:42:14', '2025-10-12 04:42:14'),
(78, 22, 'en', 'Submission failed, please try again.', '2025-10-12 04:42:14', '2025-10-12 04:42:14'),
(79, 23, 'en', 'Network error, please try again later.', '2025-10-12 04:42:14', '2025-10-12 04:42:14'),
(80, 24, 'en', '© %year% Book massage online in %thanh_pho% - fast and safe.', '2025-10-12 04:42:14', '2025-10-12 04:42:14'),
(81, 25, 'en', 'Search services, staff…', '2025-10-12 04:42:14', '2025-10-12 04:42:14'),
(82, 26, 'en', 'Language', '2025-10-12 04:42:14', '2025-10-12 04:42:14'),
(83, 27, 'en', 'View more', '2025-10-12 04:42:14', '2025-10-12 04:42:14'),
(84, 28, 'en', 'Back to top', '2025-10-12 04:42:14', '2025-10-12 04:42:14'),
(85, 1, 'ja', '%thanh_pho% のマッサージ予約：オンラインで安全かつ迅速に予約', '2025-10-12 04:42:14', '2025-10-12 04:42:14'),
(86, 2, 'ja', '%thanh_pho% のマッサージスタッフ — 熟練した技術、Black & Gold の高級スタイル。', '2025-10-12 04:42:14', '2025-10-12 04:42:14'),
(87, 3, 'ja', '%thanh_pho% でオンラインマッサージ予約 - 安心・迅速', '2025-10-12 04:42:14', '2025-10-12 04:42:14'),
(88, 4, 'ja', 'スタッフ', '2025-10-12 04:42:14', '2025-10-12 04:42:14'),
(89, 5, 'ja', 'サービス', '2025-10-12 04:42:14', '2025-10-12 04:42:14'),
(90, 6, 'ja', '予約', '2025-10-12 04:42:14', '2025-10-12 04:42:14'),
(91, 7, 'ja', '今すぐ予約', '2025-10-12 04:42:14', '2025-10-12 04:42:14'),
(92, 8, 'ja', '%thanh_pho% のマッサージチーム', '2025-10-12 04:42:14', '2025-10-12 04:42:14'),
(93, 9, 'ja', '%thanh_pho% で自宅マッサージを予約 - プライベートで安全。<br>経験豊富なスタッフが対応します。<br>Black & Gold の高級体験を。', '2025-10-12 04:42:14', '2025-10-12 04:42:14'),
(94, 10, 'ja', '予約する', '2025-10-12 04:42:14', '2025-10-12 04:42:14'),
(95, 11, 'ja', '近くのスタッフ：', '2025-10-12 04:42:14', '2025-10-12 04:42:14'),
(96, 12, 'ja', '各スタッフは経験豊富で、専門的なトレーニングを受けています。', '2025-10-12 04:42:14', '2025-10-12 04:42:14'),
(97, 13, 'ja', '予約フォーム', '2025-10-12 04:42:14', '2025-10-12 04:42:14'),
(98, 14, 'ja', 'フォームに入力後、こちらからご連絡いたします。', '2025-10-12 04:42:14', '2025-10-12 04:42:14'),
(99, 15, 'ja', '氏名', '2025-10-12 04:42:14', '2025-10-12 04:42:14'),
(100, 16, 'ja', 'メール', '2025-10-12 04:42:14', '2025-10-12 04:42:14'),
(101, 17, 'ja', '電話番号', '2025-10-12 04:42:14', '2025-10-12 04:42:14'),
(102, 18, 'ja', 'ご住所、サービス場所の情報、サービス時間をご記入ください。', '2025-10-12 04:42:14', '2025-10-22 08:21:29'),
(103, 19, 'ja', '送信', '2025-10-12 04:42:14', '2025-10-12 04:42:14'),
(104, 20, 'ja', '送信中…', '2025-10-12 04:42:14', '2025-10-12 04:42:14'),
(105, 21, 'ja', 'ありがとうございます！後ほどご連絡いたします。', '2025-10-12 04:42:14', '2025-10-12 04:42:14'),
(106, 22, 'ja', '送信に失敗しました。もう一度お試しください。', '2025-10-12 04:42:14', '2025-10-12 04:42:14'),
(107, 23, 'ja', 'ネットワークエラー。後でもう一度お試しください。', '2025-10-12 04:42:14', '2025-10-12 04:42:14'),
(108, 24, 'ja', '© %year% %thanh_pho% のオンラインマッサージ予約 - 安全で迅速。', '2025-10-12 04:42:14', '2025-10-12 04:42:14'),
(109, 25, 'ja', 'サービス・スタッフを検索…', '2025-10-12 04:42:14', '2025-10-12 04:42:14'),
(110, 26, 'ja', '言語', '2025-10-12 04:42:14', '2025-10-12 04:42:14'),
(111, 27, 'ja', 'もっと見る', '2025-10-12 04:42:14', '2025-10-12 04:42:14'),
(112, 28, 'ja', 'トップに戻る', '2025-10-12 04:42:14', '2025-10-12 04:42:14'),
(113, 1, 'ko', '%thanh_pho% 마사지 예약: 빠르고 안전한 온라인 예약', '2025-10-12 04:42:14', '2025-10-12 04:42:14'),
(114, 2, 'ko', '%thanh_pho% 전문 마사지 팀 - 숙련된 기술, 고급 Black & Gold 스타일.', '2025-10-12 04:42:14', '2025-10-12 04:42:14'),
(115, 3, 'ko', '%thanh_pho% 온라인 마사지 예약 - 빠르고 안전한 서비스', '2025-10-12 04:42:14', '2025-10-12 04:42:14'),
(116, 4, 'ko', '직원', '2025-10-12 04:42:14', '2025-10-12 04:42:14'),
(117, 5, 'ko', '서비스', '2025-10-12 04:42:14', '2025-10-12 04:42:14'),
(118, 6, 'ko', '예약', '2025-10-12 04:42:14', '2025-10-12 04:42:14'),
(119, 7, 'ko', '지금 예약', '2025-10-12 04:42:14', '2025-10-12 04:42:14'),
(120, 8, 'ko', '%thanh_pho% 마사지 팀', '2025-10-12 04:42:14', '2025-10-12 04:42:14'),
(121, 9, 'ko', '%thanh_pho% 홈 마사지 예약 — 프라이빗하고 빠르며 안전합니다.<br>전문가가 직접 방문합니다.<br>럭셔리한 Black & Gold 스타일을 경험하세요.', '2025-10-12 04:42:14', '2025-10-12 04:42:14'),
(122, 10, 'ko', '지금 예약', '2025-10-12 04:42:14', '2025-10-12 04:42:14'),
(123, 11, 'ko', '가까운 직원:', '2025-10-12 04:42:14', '2025-10-12 04:42:14'),
(124, 12, 'ko', '모든 직원은 숙련되고 높은 평점을 받았습니다.', '2025-10-12 04:42:14', '2025-10-12 04:42:14'),
(125, 13, 'ko', '예약 폼', '2025-10-12 04:42:14', '2025-10-12 04:42:14'),
(126, 14, 'ko', '양식을 작성하면 곧 연락드리겠습니다.', '2025-10-12 04:42:14', '2025-10-12 04:42:14'),
(127, 15, 'ko', '이름', '2025-10-12 04:42:14', '2025-10-12 04:42:14'),
(128, 16, 'ko', '이메일', '2025-10-12 04:42:14', '2025-10-12 04:42:14'),
(129, 17, 'ko', '전화번호', '2025-10-12 04:42:14', '2025-10-12 04:42:14'),
(130, 18, 'ko', '주소, 서비스 위치 정보, 서비스 시간을 남겨주세요.', '2025-10-12 04:42:14', '2025-10-22 08:22:01'),
(131, 19, 'ko', '보내기', '2025-10-12 04:42:14', '2025-10-12 04:42:14'),
(132, 20, 'ko', '전송 중…', '2025-10-12 04:42:14', '2025-10-12 04:42:14'),
(133, 21, 'ko', '감사합니다! 곧 연락드리겠습니다.', '2025-10-12 04:42:14', '2025-10-12 04:42:14'),
(134, 22, 'ko', '전송 실패, 다시 시도해주세요.', '2025-10-12 04:42:14', '2025-10-12 04:42:14'),
(135, 23, 'ko', '네트워크 오류, 나중에 다시 시도해주세요.', '2025-10-12 04:42:14', '2025-10-12 04:42:14'),
(136, 24, 'ko', '© %year% %thanh_pho% 온라인 마사지 예약 - 빠르고 안전합니다.', '2025-10-12 04:42:14', '2025-10-12 04:42:14'),
(137, 25, 'ko', '서비스, 직원 검색…', '2025-10-12 04:42:14', '2025-10-12 04:42:14'),
(138, 26, 'ko', '언어', '2025-10-12 04:42:14', '2025-10-12 04:42:14'),
(139, 27, 'ko', '더 보기', '2025-10-12 04:42:14', '2025-10-12 04:42:14'),
(140, 28, 'ko', '맨 위로', '2025-10-12 04:42:14', '2025-10-12 04:42:14'),
(141, 1, 'th', 'นวด %thanh_pho% : จองออนไลน์ได้อย่างรวดเร็วและปลอดภัย', '2025-10-12 04:42:14', '2025-10-12 04:42:14'),
(142, 2, 'th', 'นวด %thanh_pho% - ทีมงานมืออาชีพ ฝีมือเยี่ยม สไตล์หรูหรา Black & Gold', '2025-10-12 04:42:14', '2025-10-12 04:42:14'),
(143, 3, 'th', 'จองนวดออนไลน์ใน %thanh_pho% - สะดวก รวดเร็ว ปลอดภัย', '2025-10-12 04:42:14', '2025-10-12 04:42:14'),
(144, 4, 'th', 'พนักงาน', '2025-10-12 04:42:14', '2025-10-12 04:42:14'),
(145, 5, 'th', 'บริการ', '2025-10-12 04:42:14', '2025-10-12 04:42:14'),
(146, 6, 'th', 'การจอง', '2025-10-12 04:42:14', '2025-10-12 04:42:14'),
(147, 7, 'th', 'จองตอนนี้', '2025-10-12 04:42:14', '2025-10-12 04:42:14'),
(148, 8, 'th', 'ทีมงานนวดใน %thanh_pho%', '2025-10-12 04:42:14', '2025-10-12 04:42:14'),
(149, 9, 'th', 'จองนวดที่บ้านใน %thanh_pho% — ส่วนตัว รวดเร็ว และปลอดภัย<br>ผู้เชี่ยวชาญมืออาชีพ พร้อมให้บริการ<br>สัมผัสสไตล์ Black & Gold ที่หรูหรา', '2025-10-12 04:42:14', '2025-10-12 04:42:14'),
(150, 10, 'th', 'จองตอนนี้', '2025-10-12 04:42:14', '2025-10-12 04:42:14'),
(151, 11, 'th', 'พนักงานใกล้คุณ:', '2025-10-12 04:42:14', '2025-10-12 04:42:14'),
(152, 12, 'th', 'พนักงานทุกคนผ่านการฝึกอบรมและได้รับคะแนนสูงจากลูกค้า', '2025-10-12 04:42:14', '2025-10-12 04:42:14'),
(153, 13, 'th', 'แบบฟอร์มการจอง', '2025-10-12 04:42:14', '2025-10-12 04:42:14'),
(154, 14, 'th', 'กรอกข้อมูล แล้วเราจะติดต่อกลับโดยเร็วที่สุด', '2025-10-12 04:42:14', '2025-10-12 04:42:14'),
(155, 15, 'th', 'ชื่อ', '2025-10-12 04:42:14', '2025-10-12 04:42:14'),
(156, 16, 'th', 'อีเมล', '2025-10-12 04:42:14', '2025-10-12 04:42:14'),
(157, 17, 'th', 'เบอร์โทรศัพท์', '2025-10-12 04:42:14', '2025-10-12 04:42:14'),
(158, 18, 'th', 'กรุณาฝากที่อยู่ ข้อมูลสถานที่ให้บริการ และระยะเวลาการให้บริการ :', '2025-10-12 04:42:14', '2025-10-22 08:22:26'),
(159, 19, 'th', 'ส่ง', '2025-10-12 04:42:14', '2025-10-12 04:42:14'),
(160, 20, 'th', 'กำลังส่ง…', '2025-10-12 04:42:14', '2025-10-12 04:42:14'),
(161, 21, 'th', 'ขอบคุณ! เราจะติดต่อกลับในไม่ช้า', '2025-10-12 04:42:14', '2025-10-12 04:42:14'),
(162, 22, 'th', 'การส่งล้มเหลว โปรดลองอีกครั้ง', '2025-10-12 04:42:14', '2025-10-12 04:42:14'),
(163, 23, 'th', 'ข้อผิดพลาดของเครือข่าย โปรดลองภายหลัง', '2025-10-12 04:42:14', '2025-10-12 04:42:14'),
(164, 24, 'th', '© %year% จองนวดออนไลน์ใน %thanh_pho% - เร็วและปลอดภัย', '2025-10-12 04:42:14', '2025-10-12 04:42:14'),
(165, 25, 'th', 'ค้นหาบริการหรือพนักงาน…', '2025-10-12 04:42:14', '2025-10-12 04:42:14'),
(166, 26, 'th', 'ภาษา', '2025-10-12 04:42:14', '2025-10-12 04:42:14'),
(167, 27, 'th', 'ดูเพิ่มเติม', '2025-10-12 04:42:14', '2025-10-12 04:42:14'),
(168, 28, 'th', 'กลับขึ้นด้านบน', '2025-10-12 04:42:14', '2025-10-12 04:42:14'),
(169, 1, 'zh', '在 %thanh_pho% 预订按摩：快速、安全的在线预约', '2025-10-12 04:42:15', '2025-10-12 04:42:15'),
(170, 2, 'zh', '%thanh_pho% 按摩团队 - 专业技师，高端 Black & Gold 风格', '2025-10-12 04:42:15', '2025-10-12 04:42:15'),
(171, 3, 'zh', '在 %thanh_pho% 在线预约按摩 - 快速且安全', '2025-10-12 04:42:15', '2025-10-12 04:42:15'),
(172, 4, 'zh', '员工', '2025-10-12 04:42:15', '2025-10-12 04:42:15'),
(173, 5, 'zh', '服务', '2025-10-12 04:42:15', '2025-10-12 04:42:15'),
(174, 6, 'zh', '预订', '2025-10-12 04:42:15', '2025-10-12 04:42:15'),
(175, 7, 'zh', '立即预约', '2025-10-12 04:42:15', '2025-10-12 04:42:15'),
(176, 8, 'zh', '%thanh_pho% 按摩团队', '2025-10-12 04:42:15', '2025-10-12 04:42:15'),
(177, 9, 'zh', '在 %thanh_pho% 预订上门按摩 — 私密、快捷、安全。<br>专业技师上门服务。<br>体验奢华的 Black & Gold 风格。', '2025-10-12 04:42:15', '2025-10-12 04:42:15'),
(178, 10, 'zh', '立即预约', '2025-10-12 04:42:15', '2025-10-12 04:42:15'),
(179, 11, 'zh', '附近的按摩师：', '2025-10-12 04:42:15', '2025-10-12 04:42:15'),
(180, 12, 'zh', '每位技师都经验丰富，专业培训并深受顾客好评。', '2025-10-12 04:42:15', '2025-10-12 04:42:15'),
(181, 13, 'zh', '预约表单', '2025-10-12 04:42:15', '2025-10-12 04:42:15'),
(182, 14, 'zh', '填写信息，我们将尽快与您联系。', '2025-10-12 04:42:15', '2025-10-12 04:42:15'),
(183, 15, 'zh', '姓名', '2025-10-12 04:42:15', '2025-10-12 04:42:15'),
(184, 16, 'zh', '电子邮件', '2025-10-12 04:42:15', '2025-10-12 04:42:15'),
(185, 17, 'zh', '电话', '2025-10-12 04:42:15', '2025-10-12 04:42:15'),
(186, 18, 'zh', '请留下您的地址、服务地点信息及服务时间：', '2025-10-12 04:42:15', '2025-10-22 08:23:21'),
(187, 19, 'zh', '提交', '2025-10-12 04:42:15', '2025-10-12 04:42:15'),
(188, 20, 'zh', '发送中…', '2025-10-12 04:42:15', '2025-10-12 04:42:15'),
(189, 21, 'zh', '谢谢！我们会尽快联系您。', '2025-10-12 04:42:15', '2025-10-12 04:42:15'),
(190, 22, 'zh', '提交失败，请重试。', '2025-10-12 04:42:15', '2025-10-12 04:42:15'),
(191, 23, 'zh', '网络错误，请稍后再试。', '2025-10-12 04:42:15', '2025-10-12 04:42:15'),
(192, 24, 'zh', '© %year% 在 %thanh_pho% 在线预约按摩 - 快速且安全。', '2025-10-12 04:42:15', '2025-10-12 04:42:15'),
(193, 25, 'zh', '搜索服务、员工…', '2025-10-12 04:42:15', '2025-10-12 04:42:15'),
(194, 26, 'zh', '语言', '2025-10-12 04:42:15', '2025-10-12 04:42:15'),
(195, 27, 'zh', '查看更多', '2025-10-12 04:42:15', '2025-10-12 04:42:15'),
(196, 28, 'zh', '回到顶部', '2025-10-12 04:42:15', '2025-10-12 04:42:15'),
(197, 29, 'vi', '%service_name% tại %thanh_pho%', '2025-10-15 07:44:29', '2025-10-15 07:44:29'),
(198, 29, 'en', '%service_name% in %thanh_pho%', '2025-10-15 07:44:29', '2025-10-15 07:44:29'),
(199, 29, 'ja', '%thanh_pho%で%service_name%', '2025-10-15 07:44:29', '2025-10-15 07:44:29'),
(200, 29, 'ko', '%thanh_pho%에서 %service_name%', '2025-10-15 07:44:29', '2025-10-15 07:44:29'),
(201, 29, 'th', '%service_name% ใน %thanh_pho%', '2025-10-15 07:44:29', '2025-10-15 07:44:29'),
(202, 29, 'zh', '在%thanh_pho%的%service_name%', '2025-10-15 07:44:29', '2025-10-15 07:44:29'),
(203, 29, 'ru', '%service_name% в %thanh_pho%', '2025-10-15 07:44:29', '2025-10-15 07:44:29');

-- --------------------------------------------------------

--
-- Table structure for table `translation_keys`
--

CREATE TABLE `translation_keys` (
  `id` bigint(20) UNSIGNED NOT NULL,
  `namespace` varchar(100) COLLATE utf8mb4_unicode_ci NOT NULL,
  `tkey` varchar(190) COLLATE utf8mb4_unicode_ci NOT NULL,
  `description` varchar(255) COLLATE utf8mb4_unicode_ci DEFAULT NULL,
  `created_at` timestamp NULL DEFAULT CURRENT_TIMESTAMP,
  `updated_at` timestamp NULL DEFAULT CURRENT_TIMESTAMP ON UPDATE CURRENT_TIMESTAMP
) ENGINE=InnoDB DEFAULT CHARSET=utf8mb4 COLLATE=utf8mb4_unicode_ci;

--
-- Dumping data for table `translation_keys`
--

INSERT INTO `translation_keys` (`id`, `namespace`, `tkey`, `description`, `created_at`, `updated_at`) VALUES
(1, 'page.massageteam', 'meta.title', '<title> SEO, có %thanh_pho%', '2025-10-06 05:30:52', '2025-10-06 05:30:52'),
(2, 'page.massageteam', 'meta.description', '<meta description> SEO, mô tả ngắn', '2025-10-06 05:30:52', '2025-10-06 05:30:52'),
(3, 'page.massageteam', 'nav.brandline', 'Dòng tagline ngắn cạnh logo, có %thanh_pho%', '2025-10-06 05:30:52', '2025-10-06 05:30:52'),
(4, 'page.massageteam', 'nav.links.team', 'Liên kết điều hướng: Nhân viên', '2025-10-06 05:30:52', '2025-10-06 05:30:52'),
(5, 'page.massageteam', 'nav.links.services', 'Liên kết điều hướng: Dịch vụ', '2025-10-06 05:30:52', '2025-10-06 05:30:52'),
(6, 'page.massageteam', 'nav.links.booking', 'Liên kết điều hướng: Booking', '2025-10-06 05:30:52', '2025-10-06 05:30:52'),
(7, 'page.massageteam', 'nav.links.cta', 'Nút đặt lịch trên thanh điều hướng', '2025-10-06 05:30:52', '2025-10-06 05:30:52'),
(8, 'page.massageteam', 'hero.heading', 'Tiêu đề lớn H1, có %thanh_pho%', '2025-10-06 05:30:52', '2025-10-06 05:30:52'),
(9, 'page.massageteam', 'hero.paragraph_html', 'Đoạn mô tả có thể chứa <br>, giữ HTML', '2025-10-06 05:30:52', '2025-10-06 05:30:52'),
(10, 'page.massageteam', 'hero.cta', 'Nút CTA lớn ở hero', '2025-10-06 05:30:52', '2025-10-06 05:30:52'),
(11, 'page.massageteam', 'team.title', 'Tiêu đề khu vực danh sách nhân viên', '2025-10-06 05:30:52', '2025-10-06 05:30:52'),
(12, 'page.massageteam', 'team.subtitle', 'Phụ đề mô tả về nhân viên', '2025-10-06 05:30:52', '2025-10-06 05:30:52'),
(13, 'page.massageteam', 'booking.title', 'Tiêu đề form đặt lịch', '2025-10-06 05:30:52', '2025-10-06 05:30:52'),
(14, 'page.massageteam', 'booking.subtitle', 'Mô tả nhanh form đặt lịch', '2025-10-06 05:30:52', '2025-10-06 05:30:52'),
(15, 'page.massageteam', 'booking.fields.name', 'Nhãn/placeholder trường Họ và tên', '2025-10-06 05:30:52', '2025-10-06 05:30:52'),
(16, 'page.massageteam', 'booking.fields.email', 'Nhãn/placeholder trường Email', '2025-10-06 05:30:52', '2025-10-06 05:30:52'),
(17, 'page.massageteam', 'booking.fields.phone', 'Nhãn/placeholder trường Số điện thoại', '2025-10-06 05:30:52', '2025-10-06 05:30:52'),
(18, 'page.massageteam', 'booking.fields.note', 'Nhãn/placeholder trường Ghi chú', '2025-10-06 05:30:52', '2025-10-06 05:30:52'),
(19, 'page.massageteam', 'booking.button', 'Nút gửi form', '2025-10-06 05:30:52', '2025-10-06 05:30:52'),
(20, 'page.massageteam', 'booking.msg.sending', 'Thông điệp đang gửi (JS)', '2025-10-06 05:30:52', '2025-10-06 05:30:52'),
(21, 'page.massageteam', 'booking.msg.success', 'Thông điệp gửi thành công (JS)', '2025-10-06 05:30:52', '2025-10-06 05:30:52'),
(22, 'page.massageteam', 'booking.msg.fail', 'Thông điệp gửi thất bại (JS)', '2025-10-06 05:30:52', '2025-10-06 05:30:52'),
(23, 'page.massageteam', 'booking.msg.network', 'Thông điệp lỗi mạng (JS)', '2025-10-06 05:30:52', '2025-10-06 05:30:52'),
(24, 'page.massageteam', 'footer.copy', 'Bản quyền; dùng %thanh_pho% và %year%', '2025-10-06 05:30:52', '2025-10-06 05:30:52'),
(25, 'page.massageteam', 'misc.search_placeholder', 'Placeholder ô tìm kiếm (nếu dùng)', '2025-10-06 05:30:52', '2025-10-06 05:30:52'),
(26, 'page.massageteam', 'misc.language_label', 'Nhãn chọn ngôn ngữ', '2025-10-06 05:30:52', '2025-10-06 05:30:52'),
(27, 'page.massageteam', 'misc.read_more', 'Văn bản nút Xem thêm (nếu có)', '2025-10-06 05:30:52', '2025-10-06 05:30:52'),
(28, 'page.massageteam', 'misc.back_to_top', 'Văn bản nút Lên đầu trang', '2025-10-06 05:30:52', '2025-10-06 05:30:52'),
(29, 'page.massageteam', 'services.item.format', 'Định dạng dịch vụ: %service_name% … %thanh_pho%', '2025-10-15 07:44:29', '2025-10-15 10:31:47');

-- --------------------------------------------------------

--
-- Table structure for table `users`
--

CREATE TABLE `users` (
  `id` bigint(20) UNSIGNED NOT NULL,
  `name` varchar(120) COLLATE utf8mb4_unicode_ci NOT NULL,
  `email` varchar(190) COLLATE utf8mb4_unicode_ci NOT NULL,
  `password_hash` varchar(255) COLLATE utf8mb4_unicode_ci NOT NULL,
  `role` enum('admin','editor') COLLATE utf8mb4_unicode_ci NOT NULL DEFAULT 'editor',
  `created_at` timestamp NULL DEFAULT CURRENT_TIMESTAMP,
  `updated_at` timestamp NULL DEFAULT CURRENT_TIMESTAMP ON UPDATE CURRENT_TIMESTAMP
) ENGINE=InnoDB DEFAULT CHARSET=utf8mb4 COLLATE=utf8mb4_unicode_ci;

--
-- Dumping data for table `users`
--

INSERT INTO `users` (`id`, `name`, `email`, `password_hash`, `role`, `created_at`, `updated_at`) VALUES
(1, 'admin', 'admin@massagenow.vn', '$2y$10$0f51Im.SX/WkBwaJe1NSAu.uhdRIUeTnExrOLp0glxpw6c2YaVTMy', 'admin', '2025-10-06 05:24:56', '2025-10-06 05:24:56');

--
-- Indexes for dumped tables
--

--
-- Indexes for table `auth_logins`
--
ALTER TABLE `auth_logins`
  ADD PRIMARY KEY (`id`),
  ADD KEY `idx_auth_ip_time` (`ip`,`created_at`),
  ADD KEY `idx_auth_email_time` (`email`,`created_at`),
  ADD KEY `idx_auth_user_time` (`user_id`,`created_at`);

--
-- Indexes for table `bookings`
--
ALTER TABLE `bookings`
  ADD PRIMARY KEY (`id`),
  ADD KEY `idx_city` (`city_id`),
  ADD KEY `idx_created` (`created_at`);

--
-- Indexes for table `cities`
--
ALTER TABLE `cities`
  ADD PRIMARY KEY (`id`),
  ADD UNIQUE KEY `uk_cities_slug` (`slug`),
  ADD KEY `idx_cities_status` (`status`);

--
-- Indexes for table `city_i18n`
--
ALTER TABLE `city_i18n`
  ADD PRIMARY KEY (`id`),
  ADD UNIQUE KEY `uniq_city_lang` (`city_id`,`lang_code`),
  ADD KEY `idx_lang` (`lang_code`);

--
-- Indexes for table `city_services`
--
ALTER TABLE `city_services`
  ADD PRIMARY KEY (`id`),
  ADD UNIQUE KEY `uniq_city_service` (`city_id`,`service_id`),
  ADD KEY `idx_city_services_city` (`city_id`),
  ADD KEY `idx_city_services_order` (`city_id`,`order_no`);

--
-- Indexes for table `city_staff`
--
ALTER TABLE `city_staff`
  ADD PRIMARY KEY (`id`),
  ADD UNIQUE KEY `uniq_city_staff` (`city_id`,`staff_id`),
  ADD KEY `idx_city_staff_city` (`city_id`),
  ADD KEY `idx_city_staff_order` (`city_id`,`order_no`);

--
-- Indexes for table `i18n_texts`
--
ALTER TABLE `i18n_texts`
  ADD PRIMARY KEY (`page_key`,`text_key`,`lang_code`);

--
-- Indexes for table `languages`
--
ALTER TABLE `languages`
  ADD PRIMARY KEY (`code`);

--
-- Indexes for table `logs`
--
ALTER TABLE `logs`
  ADD PRIMARY KEY (`id`);

--
-- Indexes for table `services`
--
ALTER TABLE `services`
  ADD PRIMARY KEY (`id`),
  ADD UNIQUE KEY `uk_service_slug_duration` (`slug`,`duration_min`),
  ADD KEY `idx_services_active_order` (`active`,`order_no`);

--
-- Indexes for table `service_i18n`
--
ALTER TABLE `service_i18n`
  ADD PRIMARY KEY (`id`),
  ADD UNIQUE KEY `uk_service_lang` (`service_id`,`lang_code`),
  ADD KEY `idx_service_i18n_lang` (`lang_code`);

--
-- Indexes for table `staff`
--
ALTER TABLE `staff`
  ADD PRIMARY KEY (`id`),
  ADD KEY `idx_staff_active_order` (`active`,`order_no`);

--
-- Indexes for table `staff_i18n`
--
ALTER TABLE `staff_i18n`
  ADD PRIMARY KEY (`id`),
  ADD UNIQUE KEY `uk_staff_lang` (`staff_id`,`lang_code`),
  ADD KEY `idx_staff_i18n_lang` (`lang_code`);

--
-- Indexes for table `staff_skills`
--
ALTER TABLE `staff_skills`
  ADD PRIMARY KEY (`id`),
  ADD KEY `idx_staff_skills_staff` (`staff_id`);

--
-- Indexes for table `staff_skill_i18n`
--
ALTER TABLE `staff_skill_i18n`
  ADD PRIMARY KEY (`id`),
  ADD UNIQUE KEY `uk_skill_lang` (`skill_id`,`lang_code`),
  ADD KEY `idx_skill_i18n_lang` (`lang_code`);

--
-- Indexes for table `translations`
--
ALTER TABLE `translations`
  ADD PRIMARY KEY (`id`),
  ADD UNIQUE KEY `uk_key_lang` (`key_id`,`lang_code`),
  ADD KEY `idx_tr_lang` (`lang_code`);

--
-- Indexes for table `translation_keys`
--
ALTER TABLE `translation_keys`
  ADD PRIMARY KEY (`id`),
  ADD UNIQUE KEY `uk_ns_key` (`namespace`,`tkey`),
  ADD KEY `idx_ns` (`namespace`);

--
-- AUTO_INCREMENT for dumped tables
--

--
-- AUTO_INCREMENT for table `bookings`
--
ALTER TABLE `bookings`
  MODIFY `id` bigint(20) UNSIGNED NOT NULL AUTO_INCREMENT, AUTO_INCREMENT=26;

--
-- AUTO_INCREMENT for table `cities`
--
ALTER TABLE `cities`
  MODIFY `id` bigint(20) UNSIGNED NOT NULL AUTO_INCREMENT, AUTO_INCREMENT=145;

--
-- AUTO_INCREMENT for table `city_i18n`
--
ALTER TABLE `city_i18n`
  MODIFY `id` bigint(20) UNSIGNED NOT NULL AUTO_INCREMENT, AUTO_INCREMENT=1675;

--
-- AUTO_INCREMENT for table `city_services`
--
ALTER TABLE `city_services`
  MODIFY `id` bigint(20) UNSIGNED NOT NULL AUTO_INCREMENT, AUTO_INCREMENT=2305;

--
-- AUTO_INCREMENT for table `city_staff`
--
ALTER TABLE `city_staff`
  MODIFY `id` bigint(20) UNSIGNED NOT NULL AUTO_INCREMENT, AUTO_INCREMENT=433;

--
-- AUTO_INCREMENT for table `logs`
--
ALTER TABLE `logs`
  MODIFY `id` int(11) NOT NULL AUTO_INCREMENT;

--
-- AUTO_INCREMENT for table `services`
--
ALTER TABLE `services`
  MODIFY `id` bigint(20) UNSIGNED NOT NULL AUTO_INCREMENT, AUTO_INCREMENT=17;

--
-- AUTO_INCREMENT for table `service_i18n`
--
ALTER TABLE `service_i18n`
  MODIFY `id` bigint(20) UNSIGNED NOT NULL AUTO_INCREMENT, AUTO_INCREMENT=75;

--
-- AUTO_INCREMENT for table `staff`
--
ALTER TABLE `staff`
  MODIFY `id` bigint(20) UNSIGNED NOT NULL AUTO_INCREMENT, AUTO_INCREMENT=4;

--
-- AUTO_INCREMENT for table `staff_skills`
--
ALTER TABLE `staff_skills`
  MODIFY `id` bigint(20) UNSIGNED NOT NULL AUTO_INCREMENT, AUTO_INCREMENT=10;

--
-- AUTO_INCREMENT for table `translations`
--
ALTER TABLE `translations`
  MODIFY `id` bigint(20) UNSIGNED NOT NULL AUTO_INCREMENT, AUTO_INCREMENT=204;

--
-- AUTO_INCREMENT for table `translation_keys`
--
ALTER TABLE `translation_keys`
  MODIFY `id` bigint(20) UNSIGNED NOT NULL AUTO_INCREMENT, AUTO_INCREMENT=30;

--
-- Constraints for dumped tables
--

--
-- Constraints for table `city_i18n`
--
ALTER TABLE `city_i18n`
  ADD CONSTRAINT `fk_city_i18n_city` FOREIGN KEY (`city_id`) REFERENCES `cities` (`id`) ON DELETE CASCADE;
COMMIT;

/*!40101 SET CHARACTER_SET_CLIENT=@OLD_CHARACTER_SET_CLIENT */;
/*!40101 SET CHARACTER_SET_RESULTS=@OLD_CHARACTER_SET_RESULTS */;
/*!40101 SET COLLATION_CONNECTION=@OLD_COLLATION_CONNECTION */;
